Date,Close/Last,Volume
01/27/2026,$24.21,16600910
01/26/2026,$24.01,37432250
01/23/2026,$22.99,10347470
01/22/2026,$23.14,15762960
01/21/2026,$21.69,8366880
01/20/2026,$21.10,6826516
01/16/2026,$21.10,3731495
01/15/2026,$21.36,4995435
01/14/2026,$21.02,4112831
01/13/2026,$21.02,4121054
01/12/2026,$20.98,3563684
01/09/2026,$21.23,5034887
01/08/2026,$21.42,4131769
01/07/2026,$21.29,10674070
01/06/2026,$20.66,3405040
01/05/2026,$20.72,7673734
01/02/2026,$20.62,4551690
12/31/2025,$20.08,6422287
12/30/2025,$20.50,4569480
12/29/2025,$20.53,6005575
12/26/2025,$21.09,3820404
12/24/2025,$21.53,1781042
12/23/2025,$21.38,4384537
12/22/2025,$21.74,6481133
12/19/2025,$22.51,7379321
12/18/2025,$22.56,4589257
12/17/2025,$23.03,6132226
12/16/2025,$22.28,3922858
12/15/2025,$22.09,8010605
12/12/2025,$21.23,5365898
12/11/2025,$21.86,4645586
12/10/2025,$22.12,11543760
12/09/2025,$23.11,9159102
12/08/2025,$23.35,5318919
12/05/2025,$23.00,5688195
12/04/2025,$22.95,7195815
12/03/2025,$23.21,11079700
12/02/2025,$22.81,8105087
12/01/2025,$22.79,7895904
11/28/2025,$22.53,8789295
11/26/2025,$21.63,4644241
11/25/2025,$21.06,4794851
11/24/2025,$20.49,5577591
11/21/2025,$20.14,5514125
11/20/2025,$19.94,6028877
11/19/2025,$20.42,5194324
11/18/2025,$20.50,3733252
11/17/2025,$20.50,4968176
11/14/2025,$20.66,5887642
11/13/2025,$20.96,7415436
11/12/2025,$21.36,4341284
11/11/2025,$21.45,2856338
11/10/2025,$21.49,4724873
11/07/2025,$21.50,6533306
11/06/2025,$21.35,5718101
11/05/2025,$22.01,3885626
11/04/2025,$21.98,5155852
11/03/2025,$22.11,6276116
10/31/2025,$22.29,4990691
10/30/2025,$22.58,6438442
10/29/2025,$23.38,5696936
10/28/2025,$23.30,7984105
10/27/2025,$23.53,9428707
10/24/2025,$23.30,5771165
10/23/2025,$23.63,10637950
10/22/2025,$22.49,11012890
10/21/2025,$22.80,6387180
10/20/2025,$23.37,4424363
10/17/2025,$23.07,6206263
10/16/2025,$22.95,6549759
10/15/2025,$23.38,5018139
10/14/2025,$23.21,4470901
10/13/2025,$23.59,5772105
10/10/2025,$23.30,9744316
10/09/2025,$24.07,11821160
10/08/2025,$24.41,7183811
10/07/2025,$24.35,10779920
10/06/2025,$25.05,11543450
10/03/2025,$25.38,11615910
10/02/2025,$27.22,14525950
10/01/2025,$27.69,8187127
09/30/2025,$27.28,5392802
09/29/2025,$27.21,7979038
09/26/2025,$26.42,8048334
09/25/2025,$25.27,8210462
09/24/2025,$26.25,5508834
09/23/2025,$26.80,7063968
09/22/2025,$26.78,11263600
09/19/2025,$26.08,9567601
09/18/2025,$25.88,7806246
09/17/2025,$26.10,7897132
09/16/2025,$26.34,9829954
09/15/2025,$25.53,9603984
09/12/2025,$24.93,9320071
09/11/2025,$24.85,12512630
09/10/2025,$24.37,46253970
09/09/2025,$23.59,18374440
09/08/2025,$23.22,10151220
09/05/2025,$22.61,11183340
09/04/2025,$22.37,5531803
09/03/2025,$22.88,9771430
09/02/2025,$23.41,9567042
08/29/2025,$22.41,5371497
08/28/2025,$22.79,6482312
08/27/2025,$22.50,6891997
08/26/2025,$22.30,7867554
08/25/2025,$22.68,3801008
08/22/2025,$22.89,5551442
08/21/2025,$22.56,4090609
08/20/2025,$22.63,4388719
08/19/2025,$22.82,5532814
08/18/2025,$23.11,5107095
08/15/2025,$22.94,4965589
08/14/2025,$22.89,4779950
08/13/2025,$23.02,5349328
08/12/2025,$22.93,4887648
08/11/2025,$22.41,5212532
08/08/2025,$22.27,4833088
08/07/2025,$22.65,4456288
08/06/2025,$22.81,4825043
08/05/2025,$22.81,4981405
08/04/2025,$22.63,5059365
08/01/2025,$22.10,7878440
07/31/2025,$22.45,13749910
07/30/2025,$22.45,7956586
07/29/2025,$22.55,6078838
07/28/2025,$22.98,11481940
07/25/2025,$23.33,7090634
07/24/2025,$23.53,6338139
07/23/2025,$23.96,8305149
07/22/2025,$24.26,12006260
07/21/2025,$24.20,17718370
07/18/2025,$23.28,6628396
07/17/2025,$23.40,7307167
07/16/2025,$23.68,7738267
07/15/2025,$23.22,7321570
07/14/2025,$23.70,7769614
07/11/2025,$23.33,11454090
07/10/2025,$23.10,5990997
07/09/2025,$23.19,14641420
07/08/2025,$22.75,7863631
07/07/2025,$22.62,12873530
07/03/2025,$23.59,5566311
07/02/2025,$23.95,6428597
07/01/2025,$23.68,8308047
06/30/2025,$24.39,10439310
06/27/2025,$23.59,11638240
06/26/2025,$23.88,8777965
06/25/2025,$23.55,9840749
06/24/2025,$23.29,11660170
06/23/2025,$22.82,12120490
06/20/2025,$23.46,19994180
06/18/2025,$23.44,14712150
06/17/2025,$22.99,24797600
06/16/2025,$23.32,31522660
06/13/2025,$22.14,59849890
06/12/2025,$22.14,172324500
06/11/2025,$28.55,18039170
06/10/2025,$30.16,8628692
06/09/2025,$30.34,5836161
06/06/2025,$29.58,4379288
06/05/2025,$29.45,6356776
06/04/2025,$29.95,7313977
06/03/2025,$30.10,6086532
06/02/2025,$30.64,7430729
05/30/2025,$29.80,9393388
05/29/2025,$29.57,15887930
05/28/2025,$31.21,44368758
05/27/2025,$35.02,32095757
05/23/2025,$33.06,29441633
05/22/2025,$30.86,21451030
05/21/2025,$28.05,8762022
05/20/2025,$28.51,4795105
05/19/2025,$27.89,4223534
05/16/2025,$28.45,6504447
05/15/2025,$28.63,9364353
05/14/2025,$28.73,14552320
05/13/2025,$28.39,10365260
05/12/2025,$28.05,7395242
05/09/2025,$27.54,7795212
05/08/2025,$26.78,6521684
05/07/2025,$26.01,4386935
05/06/2025,$26.04,5883843
05/05/2025,$26.60,7132359
05/02/2025,$27.48,5579861
05/01/2025,$27.43,5693525
04/30/2025,$27.86,6578094
04/29/2025,$27.26,5497551
04/28/2025,$27.59,6819305
04/25/2025,$27.46,5853359
04/24/2025,$27.08,6212122
04/23/2025,$27.12,8862655
04/22/2025,$27.80,11065950
04/21/2025,$26.77,7689967
04/17/2025,$26.78,7434838
04/16/2025,$26.25,6292788
04/15/2025,$26.70,6738083
04/14/2025,$26.98,10628360
04/11/2025,$26.40,10763659
04/10/2025,$25.02,11545360
04/09/2025,$25.40,17695940
04/08/2025,$23.39,12062270
04/07/2025,$24.29,17191900
04/04/2025,$23.49,20608190
04/03/2025,$21.10,11141890
04/02/2025,$22.69,10965120
04/01/2025,$22.61,14435330
03/31/2025,$22.32,16147930
03/28/2025,$21.73,44771680
03/27/2025,$22.09,95799102
03/26/2025,$28.36,53312960
03/25/2025,$25.40,4660326
03/24/2025,$25.61,5036047
03/21/2025,$24.75,6893871
03/20/2025,$23.51,1998220
03/19/2025,$23.71,3032256
03/18/2025,$23.30,2155842
03/17/2025,$23.50,2899087
03/14/2025,$23.05,3960539
03/13/2025,$21.95,3829828
03/12/2025,$21.99,3718208
03/11/2025,$22.61,4226922
03/10/2025,$22.42,6226934
03/07/2025,$24.00,3463954
03/06/2025,$24.20,3421446
03/05/2025,$25.07,3282452
03/04/2025,$24.30,5068726
03/03/2025,$24.40,4290981
02/28/2025,$25.04,4137068
02/27/2025,$24.48,4589982
02/26/2025,$24.61,3272498
02/25/2025,$24.42,6551451
02/24/2025,$25.00,5980021
02/21/2025,$26.42,6130903
02/20/2025,$27.04,7735228
02/19/2025,$26.00,4382120
02/18/2025,$26.97,5337801
02/14/2025,$27.00,12142610
02/13/2025,$26.34,8255330
02/12/2025,$25.99,3999243
02/11/2025,$26.56,7042658
02/10/2025,$27.12,9694662
02/07/2025,$24.73,3403304
02/06/2025,$24.80,4349516
02/05/2025,$24.93,4580218
02/04/2025,$25.90,3353742
02/03/2025,$25.89,5740535
01/31/2025,$26.90,4544033
01/30/2025,$27.99,3343948
01/29/2025,$27.51,3220404
01/28/2025,$27.46,3169854
01/27/2025,$26.97,5060256
01/24/2025,$27.77,4511646
01/23/2025,$28.33,8828170
01/22/2025,$27.65,5025385
01/21/2025,$27.47,5867780
01/17/2025,$27.51,8977526
01/16/2025,$27.72,4431995
01/15/2025,$27.96,6025350
01/14/2025,$27.88,11796600
01/13/2025,$31.02,5566985
01/10/2025,$32.31,7068203
01/08/2025,$32.96,6319956
01/07/2025,$33.37,13360660
01/06/2025,$32.82,12609410
01/03/2025,$31.65,7425800
01/02/2025,$30.66,7979700
12/31/2024,$31.34,7395300
12/30/2024,$32.01,9593100
12/27/2024,$32.20,10141700
12/26/2024,$32.99,20432900
12/24/2024,$31.14,5523500
12/23/2024,$30.90,8226500
12/20/2024,$29.82,19606700
12/19/2024,$29.00,10338200
12/18/2024,$28.55,13947300
12/17/2024,$31.26,19948100
12/16/2024,$29.44,8700000
12/13/2024,$27.99,6581600
12/12/2024,$28.75,8855700
12/11/2024,$28.97,20485000
12/10/2024,$26.93,18209400
12/09/2024,$27.93,11495400
12/06/2024,$29.06,15161400
12/05/2024,$28.63,40704900
12/04/2024,$27.03,6387500
12/03/2024,$27.44,6009900
12/02/2024,$27.27,13576600
11/29/2024,$29.05,10473700
11/27/2024,$30.89,12895100
11/26/2024,$30.33,24657300
11/25/2024,$29.67,13090400
11/22/2024,$27.90,7975700
11/21/2024,$27.82,10587200
11/20/2024,$28.45,22089700
11/19/2024,$27.57,8698600
11/18/2024,$26.44,8541600
11/15/2024,$26.59,16451800
11/14/2024,$27.37,16502000
11/13/2024,$26.46,18490300
11/12/2024,$26.84,18972700
11/11/2024,$27.26,26633000
11/08/2024,$24.88,15908600
11/07/2024,$23.45,5554400
11/06/2024,$23.10,6648000
11/05/2024,$22.99,5858400
11/04/2024,$22.33,4300200
11/01/2024,$22.41,4744500
10/31/2024,$22.18,5594500
10/30/2024,$23.28,12383600
10/29/2024,$22.68,10078100
10/28/2024,$22.73,13641200
10/25/2024,$20.57,5989000
10/24/2024,$20.63,2682300
10/23/2024,$20.54,2945000
10/22/2024,$20.93,3232300
10/21/2024,$20.70,3956500
10/18/2024,$21.22,5302200
10/17/2024,$21.41,3015300
10/16/2024,$21.66,4264600
10/15/2024,$21.27,4851900
10/14/2024,$21.33,6636600
10/11/2024,$20.83,3931600
10/10/2024,$20.91,4180800
10/09/2024,$20.50,3914000
10/08/2024,$20.71,4840500
10/07/2024,$20.90,5988000
10/04/2024,$21.40,5286200
10/03/2024,$21.20,4665800
10/02/2024,$21.49,5673100
10/01/2024,$21.97,7189200
09/30/2024,$22.93,10161700
09/27/2024,$22.48,7416500
09/26/2024,$22.29,5777500
09/25/2024,$22.18,6139700
09/24/2024,$22.63,12121400
09/23/2024,$22.31,13969500
09/20/2024,$21.85,61919200
09/19/2024,$19.51,8902600
09/18/2024,$19.65,10728200
09/17/2024,$20.16,6307600
09/16/2024,$20.09,5981200
09/13/2024,$20.65,8053700
09/12/2024,$20.40,9567500
09/11/2024,$20.64,28921500
09/10/2024,$23.45,19175500
09/09/2024,$24.25,14064700
09/06/2024,$23.92,23884000
09/05/2024,$22.39,5101200
09/04/2024,$22.12,6700900
09/03/2024,$23.14,11350500
08/30/2024,$23.42,15680700
08/29/2024,$21.51,10428400
08/28/2024,$19.90,5219500
08/27/2024,$20.74,4118800
08/26/2024,$21.36,4780500
08/23/2024,$22.21,4056700
08/22/2024,$22.12,3382500
08/21/2024,$22.55,3163200
08/20/2024,$22.28,3570300
08/19/2024,$22.66,4543500
08/16/2024,$22.40,3641800
08/15/2024,$22.53,5361400
08/14/2024,$21.99,3489400
08/13/2024,$22.27,3913700
08/12/2024,$21.88,4449100
08/09/2024,$21.93,4828900
08/08/2024,$21.75,5439700
08/07/2024,$20.83,6101100
08/06/2024,$21.28,6505300
08/05/2024,$20.65,12205900
08/02/2024,$21.07,9030000
08/01/2024,$21.71,9334400
07/31/2024,$22.67,8005800
07/30/2024,$22.40,9272400
07/29/2024,$23.60,7250200
07/26/2024,$24.13,6833900
07/25/2024,$23.95,8567700
07/24/2024,$24.01,9549200
07/23/2024,$25.50,7921700
07/22/2024,$25.22,14090400
07/19/2024,$24.97,12763300
07/18/2024,$25.88,16969700
07/17/2024,$27.98,23775000
07/16/2024,$28.54,25594500
07/15/2024,$27.00,17136400
07/12/2024,$26.05,16238900
07/11/2024,$25.57,13032700
07/10/2024,$24.97,22325400
07/09/2024,$24.60,9419800
07/08/2024,$24.45,11815500
07/05/2024,$24.18,11782100
07/03/2024,$24.37,11829500
07/02/2024,$23.98,13703500
07/01/2024,$23.33,30689000
06/28/2024,$24.69,20212000
06/27/2024,$25.09,34867000
06/26/2024,$24.20,17903000
06/25/2024,$24.93,27625600
06/24/2024,$23.65,22162900
06/21/2024,$23.93,28004000
06/20/2024,$25.59,36029300
06/18/2024,$24.70,38079200
06/17/2024,$25.22,90351900
06/14/2024,$28.70,82874400
06/13/2024,$29.12,107306600
06/12/2024,$25.46,147986700
06/11/2024,$30.49,146914700
06/10/2024,$24.83,131572400
06/07/2024,$28.22,279054400
06/06/2024,$46.55,206685800
06/05/2024,$31.57,73156400
06/04/2024,$26.50,51662100
06/03/2024,$28.00,165808300
05/31/2024,$23.14,22174300
05/30/2024,$22.61,24508800
05/29/2024,$21.24,26921200
05/28/2024,$23.78,105077600
05/24/2024,$19.00,41886700
05/23/2024,$18.32,30561100
05/22/2024,$21.12,43521400
05/21/2024,$22.12,49250100
05/20/2024,$23.14,55261600
05/17/2024,$22.21,96079600
05/16/2024,$27.67,76177600
05/15/2024,$39.55,131790100
05/14/2024,$48.75,206979100
05/13/2024,$30.45,187241700
05/10/2024,$17.46,36831900
05/09/2024,$18.01,25759300
05/08/2024,$15.92,24775100
05/07/2024,$16.31,24308600
05/06/2024,$16.31,48018700
05/03/2024,$16.47,36292400
05/02/2024,$12.76,8654800
05/01/2024,$10.91,2653200
04/30/2024,$11.09,2866500
04/29/2024,$11.29,3821500
04/26/2024,$11.90,7685100
04/25/2024,$11.21,4903800
04/24/2024,$10.93,4829600
04/23/2024,$10.16,2511800
04/22/2024,$10.01,3261000
04/19/2024,$10.42,2455100
04/18/2024,$10.31,2175400
04/17/2024,$10.30,2096700
04/16/2024,$10.37,4162100
04/15/2024,$10.06,5086300
04/12/2024,$10.77,3196300
04/11/2024,$11.29,3802100
04/10/2024,$10.85,3546200
04/09/2024,$11.01,3514400
04/08/2024,$10.83,3659100
04/05/2024,$11.25,4750800
04/04/2024,$11.53,4347000
04/03/2024,$11.38,4331500
04/02/2024,$11.28,6327700
04/01/2024,$11.99,9207100
03/28/2024,$12.52,8473500
03/27/2024,$13.17,17871300
03/26/2024,$15.50,17245800
03/25/2024,$15.12,10416300
03/22/2024,$13.10,4400000
03/21/2024,$13.66,3382800
03/20/2024,$13.48,3921300
03/19/2024,$13.41,3894700
03/18/2024,$13.91,3490800
03/15/2024,$14.24,4476500
03/14/2024,$14.63,2534200
03/13/2024,$14.87,2898100
03/12/2024,$14.72,2382600
03/11/2024,$14.43,2111900
03/08/2024,$14.65,3165700
03/07/2024,$15.26,2111900
03/06/2024,$15.26,3818100
03/05/2024,$15.00,3152700
03/04/2024,$15.22,4367600
03/01/2024,$14.95,4890900
02/29/2024,$14.27,2638700
02/28/2024,$14.24,2440700
02/27/2024,$14.21,2795500
02/26/2024,$13.68,2278600
02/23/2024,$13.51,2319700
02/22/2024,$13.36,1817800
02/21/2024,$13.41,1731300
02/20/2024,$13.49,3784500
02/16/2024,$14.12,2297200
02/15/2024,$14.51,2400500
02/14/2024,$14.41,2504400
02/13/2024,$14.17,3788700
02/12/2024,$14.73,2750100
02/09/2024,$14.66,3575300
02/08/2024,$14.35,1838300
02/07/2024,$14.07,1947800
02/06/2024,$14.10,3047800
02/05/2024,$13.46,4361500
02/02/2024,$14.73,2922600
02/01/2024,$14.42,2220200
01/31/2024,$14.23,2684700
01/30/2024,$14.55,1652600
01/29/2024,$14.78,2164200
01/26/2024,$14.49,2288800
01/25/2024,$14.52,3635900
01/24/2024,$13.95,2513800
01/23/2024,$14.18,3495300
01/22/2024,$14.90,3606500
01/19/2024,$14.51,2391500
01/18/2024,$14.29,3906000
01/17/2024,$14.08,2706200
01/16/2024,$13.98,3581200
01/12/2024,$14.75,2475500
01/11/2024,$15.25,2992200
01/10/2024,$15.73,3191700
01/09/2024,$15.16,3105300
01/08/2024,$15.79,3031100
01/05/2024,$15.96,2615700
01/04/2024,$16.36,2671500
01/03/2024,$16.69,4193600
01/02/2024,$16.67,4428000
12/29/2023,$17.53,4524200
12/28/2023,$18.07,3574800
12/27/2023,$18.37,4800100
12/26/2023,$17.36,3079600
12/22/2023,$16.97,3325100
12/21/2023,$16.98,3975300
12/20/2023,$16.93,5553000
12/19/2023,$17.72,5447100
12/18/2023,$17.86,7352200
12/15/2023,$17.26,7110100
12/14/2023,$17.44,10750700
12/13/2023,$16.69,9086900
12/12/2023,$15.22,4210700
12/11/2023,$15.07,4961200
12/08/2023,$15.55,10375400
12/07/2023,$16.36,19840700
12/06/2023,$14.84,12691300
12/05/2023,$14.91,14220100
12/04/2023,$16.98,20098700
12/01/2023,$15.30,13347300
11/30/2023,$14.55,16537200
11/29/2023,$16.25,61172800
11/28/2023,$13.49,14192900
11/27/2023,$11.91,3710600
11/24/2023,$12.20,1232500
11/22/2023,$12.29,2358800
11/21/2023,$12.55,3710100
11/20/2023,$12.80,2294900
11/17/2023,$13.03,3414200
11/16/2023,$12.53,3425800
11/15/2023,$13.27,4121600
11/14/2023,$12.90,5187500
11/13/2023,$12.14,4318500
11/10/2023,$12.54,3872400
11/09/2023,$12.70,2750100
11/08/2023,$13.28,1705600
11/07/2023,$13.64,2354400
11/06/2023,$13.53,2164400
11/03/2023,$13.87,2963100
11/02/2023,$13.64,3566600
11/01/2023,$13.01,3430100
10/31/2023,$13.77,4574600
10/30/2023,$12.80,3475900
10/27/2023,$13.12,2481700
10/26/2023,$13.50,2036400
10/25/2023,$13.71,1967300
10/24/2023,$14.04,3738300
10/23/2023,$13.44,2785500
10/20/2023,$13.44,3657600
10/19/2023,$13.16,5808000
10/18/2023,$13.85,4045800
10/17/2023,$14.12,3842400
10/16/2023,$14.43,3508600
10/13/2023,$14.92,1823300
10/12/2023,$15.09,3180300
10/11/2023,$15.82,2098200
10/10/2023,$16.00,2915900
10/09/2023,$15.40,2276300
10/06/2023,$15.08,2458300
10/05/2023,$14.71,1945100
10/04/2023,$14.87,2586400
10/03/2023,$14.60,4510300
10/02/2023,$15.39,6087700
09/29/2023,$16.46,3388600
09/28/2023,$16.84,7431900
09/27/2023,$17.15,1681300
09/26/2023,$16.78,2726800
09/25/2023,$17.67,2181200
09/22/2023,$17.18,2100300
09/21/2023,$17.02,2910700
09/20/2023,$17.52,2129800
09/19/2023,$17.52,2584200
09/18/2023,$17.55,3694600
09/15/2023,$18.22,6158000
09/14/2023,$18.33,3078000
09/13/2023,$17.81,3012600
09/12/2023,$17.23,5179400
09/11/2023,$17.02,3543800
09/08/2023,$17.71,4689200
09/07/2023,$18.89,5021300
09/06/2023,$18.75,6107200
09/05/2023,$19.23,3781300
09/01/2023,$18.42,2131800
08/31/2023,$18.55,4674100
08/30/2023,$18.37,1884500
08/29/2023,$18.24,2709200
08/28/2023,$17.57,3007400
08/25/2023,$17.13,3423500
08/24/2023,$16.36,3624500
08/23/2023,$16.89,2909100
08/22/2023,$17.26,3791900
08/21/2023,$18.48,2864700
08/18/2023,$18.36,2023900
08/17/2023,$18.38,2056800
08/16/2023,$18.59,3015600
08/15/2023,$19.33,2290300
08/14/2023,$19.96,3329300
08/11/2023,$20.19,1500200
08/10/2023,$20.19,1432400
08/09/2023,$19.93,2929600
08/08/2023,$20.74,1431300
08/07/2023,$21.07,1441300
08/04/2023,$20.98,2400500
08/03/2023,$20.93,1318700
08/02/2023,$20.83,2625800
08/01/2023,$21.50,2567100
07/31/2023,$22.20,1973400
07/28/2023,$21.93,2642100
07/27/2023,$22.22,3370900
07/26/2023,$22.70,1489200
07/25/2023,$22.85,1672000
07/24/2023,$23.04,2970400
07/21/2023,$22.18,3134100
07/20/2023,$22.91,2256700
07/19/2023,$23.17,2250100
07/18/2023,$23.08,2345100
07/17/2023,$22.82,2026000
07/14/2023,$22.97,2175300
07/13/2023,$23.46,1912200
07/12/2023,$23.44,1742200
07/11/2023,$23.91,3063500
07/10/2023,$23.54,3318200
07/07/2023,$22.71,2439600
07/06/2023,$22.83,2384600
07/05/2023,$23.90,2263100
07/03/2023,$24.91,1806600
06/30/2023,$24.25,2797500
06/29/2023,$24.90,3101000
06/28/2023,$24.98,3493900
06/27/2023,$23.58,2141500
06/26/2023,$23.02,2525200
06/23/2023,$23.70,2230800
06/22/2023,$24.32,1889600
06/21/2023,$24.43,2404700
06/20/2023,$24.58,3250700
06/16/2023,$24.56,4427000
06/15/2023,$24.84,5501800
06/14/2023,$25.70,7243700
06/13/2023,$26.95,17160600
06/12/2023,$24.30,7131400
06/09/2023,$22.68,10321200
06/08/2023,$21.44,19213300
06/07/2023,$26.11,18001100
06/06/2023,$24.69,3984300
06/05/2023,$24.31,4201900
06/02/2023,$24.64,3293100
06/01/2023,$24.10,3845000
05/31/2023,$24.05,4265200
05/30/2023,$24.57,5037800
05/26/2023,$23.25,2261900
05/25/2023,$23.35,2494400
05/24/2023,$23.27,1901000
05/23/2023,$23.16,3786500
05/22/2023,$24.21,6251600
05/19/2023,$22.06,2665900
05/18/2023,$23.05,2144400
05/17/2023,$22.87,4573000
05/16/2023,$21.99,2498000
05/15/2023,$21.62,2602000
05/12/2023,$20.69,2003900
05/11/2023,$20.88,1652500
05/10/2023,$20.76,2139900
05/09/2023,$20.24,1522700
05/08/2023,$20.51,2402800
05/05/2023,$20.42,4353700
05/04/2023,$19.35,2041800
05/03/2023,$18.90,3184000
05/02/2023,$18.58,1918300
05/01/2023,$18.55,2356600
04/28/2023,$19.29,2835200
04/27/2023,$18.94,2238900
04/26/2023,$18.65,2287600
04/25/2023,$19.00,2560800
04/24/2023,$19.93,2742400
04/21/2023,$20.49,2085900
04/20/2023,$20.22,2977400
04/19/2023,$21.31,2539500
04/18/2023,$21.61,2748700
04/17/2023,$22.28,2066600
04/14/2023,$22.46,2312400
04/13/2023,$22.55,1803900
04/12/2023,$22.26,2141100
04/11/2023,$22.69,2540000
04/10/2023,$22.37,2176100
04/06/2023,$22.40,2506900
04/05/2023,$22.07,3638100
04/04/2023,$22.35,3421500
04/03/2023,$23.17,4274500
03/31/2023,$23.02,3880300
03/30/2023,$22.50,3477600
03/29/2023,$22.46,4161400
03/28/2023,$23.15,5711700
03/27/2023,$23.00,4580800
03/24/2023,$23.98,8756400
03/23/2023,$22.58,11168900
03/22/2023,$23.87,66764700
03/21/2023,$17.65,15882900
03/20/2023,$16.87,4463700
03/17/2023,$16.60,5105500
03/16/2023,$16.76,4083000
03/15/2023,$15.95,4541500
03/14/2023,$16.91,3077400
03/13/2023,$16.75,2959100
03/10/2023,$17.25,2845500
03/09/2023,$17.52,2652600
03/08/2023,$18.17,3277800
03/07/2023,$18.06,2375300
03/06/2023,$18.65,2815300
03/03/2023,$18.70,2505500
03/02/2023,$18.19,2622100
03/01/2023,$18.15,4210100
02/28/2023,$19.23,3373800
02/27/2023,$19.10,4006700
02/24/2023,$19.54,2277600
02/23/2023,$20.14,2862000
02/22/2023,$20.52,2164900
02/21/2023,$20.66,3100300
02/17/2023,$21.99,2851000
02/16/2023,$21.60,3879000
02/15/2023,$21.80,7137800
02/14/2023,$19.87,2746300
02/13/2023,$19.69,2299300
02/10/2023,$19.27,2902700
02/09/2023,$19.67,4497400
02/08/2023,$21.10,2846400
02/07/2023,$21.22,9093700
02/06/2023,$23.86,8708400
02/03/2023,$22.25,4935900
02/02/2023,$22.70,7655700
02/01/2023,$21.83,4517200
01/31/2023,$21.87,3128400
01/30/2023,$21.25,4950600
01/27/2023,$22.82,11897200
01/26/2023,$20.01,3520000
01/25/2023,$20.23,3515800
01/24/2023,$21.40,2381600
01/23/2023,$21.66,7181500
01/20/2023,$19.61,3564300
01/19/2023,$19.04,4519200
01/18/2023,$20.79,5632200
01/17/2023,$21.80,5407900
01/13/2023,$20.49,5494400
01/12/2023,$20.63,5877300
01/11/2023,$19.04,8405800
01/10/2023,$17.77,4402800
01/09/2023,$16.38,3522600
01/06/2023,$16.46,4823400
01/05/2023,$16.22,6066200
01/04/2023,$17.32,3939300
01/03/2023,$17.20,5135200
12/30/2022,$18.46,2669500
12/29/2022,$18.33,3442800
12/28/2022,$17.92,5672000
12/27/2022,$18.20,4233000
12/23/2022,$20.08,3174800
12/22/2022,$19.81,5343100
12/21/2022,$20.56,2793600
12/20/2022,$20.26,4479000
12/19/2022,$19.92,3700600
12/16/2022,$20.80,9379700
12/15/2022,$20.58,6444500
12/14/2022,$21.05,4604800
12/13/2022,$21.00,6305600
12/12/2022,$22.67,3750800
12/09/2022,$22.63,5326700
12/08/2022,$24.79,10252000
12/07/2022,$22.26,10078200
12/06/2022,$23.39,7699300
12/05/2022,$25.56,4973700
12/02/2022,$27.52,4577200
12/01/2022,$26.60,7615200
11/30/2022,$26.21,3731100
11/29/2022,$25.60,2029500
11/28/2022,$25.29,2440900
11/25/2022,$26.17,1122700
11/23/2022,$26.70,2737500
11/22/2022,$26.30,4240400
11/21/2022,$25.16,4443300
11/18/2022,$27.60,3087400
11/17/2022,$27.76,2477700
11/16/2022,$27.14,2452300
11/15/2022,$27.59,5392000
11/14/2022,$26.05,4352200
11/11/2022,$26.10,3986200
11/10/2022,$24.88,6107000
11/09/2022,$23.11,8464800
11/08/2022,$25.14,4695100
11/07/2022,$25.76,3303600
11/04/2022,$26.51,4138000
11/03/2022,$26.29,3384400
11/02/2022,$26.62,4143900
11/01/2022,$28.39,5147500
10/31/2022,$28.31,24027600
10/28/2022,$28.17,8089600
10/27/2022,$25.93,2422900
10/26/2022,$25.42,3858200
10/25/2022,$26.87,7791600
10/24/2022,$24.71,3114300
10/21/2022,$25.30,3036300
10/20/2022,$24.41,5148600
10/19/2022,$24.54,5318400
10/18/2022,$26.67,4402600
10/17/2022,$25.96,3172200
10/14/2022,$24.63,2773500
10/13/2022,$25.56,3516200
10/12/2022,$25.36,3284400
10/11/2022,$25.27,4195900
10/10/2022,$25.00,2917600
10/07/2022,$25.35,3270600
10/06/2022,$25.99,2418700
10/05/2022,$26.39,2986400
10/04/2022,$27.60,4581900
10/03/2022,$25.38,2653900
09/30/2022,$25.13,3148300
09/29/2022,$25.46,4118200
09/28/2022,$27.31,2630100
09/27/2022,$26.13,4487200
09/26/2022,$24.48,3440300
09/23/2022,$25.04,3622400
09/22/2022,$24.70,4346500
09/21/2022,$26.86,3859200
09/20/2022,$27.54,3145900
09/19/2022,$28.96,3404000
09/16/2022,$28.64,4656000
09/15/2022,$28.61,3329500
09/14/2022,$28.13,3605800
09/13/2022,$27.85,3657200
09/12/2022,$29.24,6175200
09/09/2022,$28.92,7899800
09/08/2022,$25.83,14142200
09/07/2022,$24.04,12504700
09/06/2022,$25.14,7010200
09/02/2022,$27.36,4680100
09/01/2022,$27.63,5293900
08/31/2022,$28.64,5157000
08/30/2022,$29.84,5060200
08/29/2022,$31.55,4292700
08/26/2022,$30.94,4297300
08/25/2022,$31.96,4726300
08/24/2022,$32.50,5620300
08/23/2022,$33.53,4836300
08/22/2022,$34.50,5798600
08/19/2022,$36.49,9551900
08/18/2022,$37.93,8145400
08/17/2022,$40.52,9766400
08/16/2022,$42.19,23602800
08/15/2022,$39.68,5243100
08/12/2022,$40.74,5120000
08/11/2022,$39.45,5140500
08/10/2022,$40.53,5434700
08/09/2022,$40.37,6954200
08/08/2022,$43.45,17987100
08/05/2022,$40.02,8124200
08/04/2022,$38.36,5421500
08/03/2022,$37.93,5186500
08/02/2022,$35.84,4697100
08/01/2022,$34.78,4196600
07/29/2022,$34.01,3988800
07/28/2022,$33.84,3207400
07/27/2022,$33.78,4251200
07/26/2022,$32.43,4866100
07/25/2022,$33.98,5686300
07/22/2022,$35.78,10060200
07/21/2022,$38.37,9277600
07/20/2022,$39.69,11400400
07/19/2022,$37.92,12828000
07/18/2022,$36.66,11155200
07/15/2022,$35.41,9832400
07/14/2022,$34.05,20970400
07/13/2022,$35.32,13703600
07/12/2022,$34.28,16899600
07/11/2022,$32.52,7532800
07/08/2022,$32.13,13199600
07/07/2022,$33.78,30313600
07/06/2022,$29.36,9988800
07/05/2022,$30.06,6036000
07/01/2022,$30.85,6617200
06/30/2022,$30.58,6718800
06/29/2022,$30.72,6826400
06/28/2022,$31.09,6610000
06/27/2022,$32.42,9745600
06/24/2022,$33.80,16995600
06/23/2022,$35.51,6682800
06/22/2022,$34.62,7838000
06/21/2022,$35.07,12512400
06/17/2022,$33.78,12340800
06/16/2022,$31.43,9995200
06/15/2022,$32.32,10764400
06/14/2022,$31.54,12739200
06/13/2022,$29.56,13792800
06/10/2022,$32.27,11820000
06/09/2022,$32.24,13114400
06/08/2022,$34.68,24473600
06/07/2022,$36.63,24967600
06/06/2022,$32.03,9532800
06/03/2022,$33.42,18234400
06/02/2022,$33.50,27918800
06/01/2022,$30.35,14991600
05/31/2022,$31.18,19084400
05/27/2022,$34.30,30045200
05/26/2022,$32.12,57892400
05/25/2022,$28.79,40060000
05/24/2022,$22.29,8879600
05/23/2022,$24.03,6994000
05/20/2022,$23.92,9972000
05/19/2022,$24.80,12720400
05/18/2022,$22.87,11560000
05/17/2022,$25.09,10444800
05/16/2022,$22.95,11582000
05/13/2022,$24.60,23930800
05/12/2022,$22.39,40139600
05/11/2022,$20.33,16681200
05/10/2022,$23.38,16603200
05/09/2022,$24.70,13264800
05/06/2022,$28.67,7161600
05/05/2022,$29.78,7015600
05/04/2022,$31.77,6651200
05/03/2022,$30.11,7312800
05/02/2022,$29.89,10172000
04/29/2022,$31.27,5143600
04/28/2022,$32.33,7070000
04/27/2022,$32.46,5223600
04/26/2022,$31.90,6182800
04/25/2022,$33.99,6139200
04/22/2022,$34.56,6278400
04/21/2022,$35.39,6737600
04/20/2022,$37.21,4648000
04/19/2022,$38.12,9416800
04/18/2022,$35.37,9871200
04/14/2022,$37.69,10002400
04/13/2022,$37.67,8032800
04/12/2022,$36.22,7996400
04/11/2022,$36.73,9812000
04/08/2022,$36.55,10371600
04/07/2022,$37.50,15311200
04/06/2022,$39.16,16268000
04/05/2022,$38.40,15825200
04/04/2022,$42.68,18519200
04/01/2022,$41.25,52758400
03/31/2022,$41.65,44968800
03/30/2022,$41.71,36676800
03/29/2022,$44.97,72046000
03/28/2022,$47.40,65266000
03/25/2022,$37.99,53535600
03/24/2022,$35.60,36400800
03/23/2022,$35.25,98399200
03/22/2022,$30.78,60068800
03/21/2022,$23.55,15812400
03/18/2022,$22.70,35688400
03/17/2022,$21.92,13796400
03/16/2022,$21.72,10615600
03/15/2022,$20.66,14115200
03/14/2022,$19.53,18134400
03/11/2022,$23.17,8822000
03/10/2022,$25.14,5582000
03/09/2022,$26.30,5598400
03/08/2022,$25.75,8536000
03/07/2022,$24.84,12591600
03/04/2022,$27.92,5911200
03/03/2022,$29.60,4382400
03/02/2022,$30.49,5242800
03/01/2022,$29.75,4384000
02/28/2022,$30.83,6458000
02/25/2022,$29.65,6841200
02/24/2022,$31.15,9024800
02/23/2022,$28.72,5393200
02/22/2022,$29.51,6156400
02/18/2022,$30.38,6214000
02/17/2022,$30.85,6256400
02/16/2022,$32.08,8007600
02/15/2022,$31.54,7911600
02/14/2022,$29.27,9102800
02/11/2022,$31.06,11299200
02/10/2022,$30.62,14826000
02/09/2022,$31.07,15467600
02/08/2022,$28.90,19839600
02/07/2022,$25.58,7037600
02/04/2022,$25.58,7627200
02/03/2022,$24.81,10710000
02/02/2022,$25.01,13116400
02/01/2022,$28.15,13847600
01/31/2022,$27.23,13997200
01/28/2022,$24.48,16430400
01/27/2022,$23.38,14644400
01/26/2022,$25.82,33330000
01/25/2022,$24.95,14297200
01/24/2022,$25.04,25039600
01/21/2022,$26.59,22120000
01/20/2022,$25.67,11680400
01/19/2022,$26.64,9614400
01/18/2022,$27.23,15022400
01/14/2022,$29.16,15402000
01/13/2022,$30.62,8901200
01/12/2022,$32.01,6298000
01/11/2022,$32.58,10332400
01/10/2022,$32.79,22048000
01/07/2022,$35.15,48549200
01/06/2022,$32.76,24206000
01/05/2022,$32.34,13585600
01/04/2022,$37.23,7339600
01/03/2022,$38.21,5654800
12/31/2021,$37.10,5576000
12/30/2021,$38.83,6247600
12/29/2021,$38.48,8149600
12/28/2021,$36.62,5324400
12/27/2021,$37.08,6454400
12/23/2021,$38.03,4222000
12/22/2021,$38.50,4188800
12/21/2021,$39.53,5720800
12/20/2021,$39.28,7314400
12/17/2021,$38.91,17226800
12/16/2021,$36.15,8659200
12/15/2021,$37.15,11064000
12/14/2021,$36.92,26048400
12/13/2021,$34.22,21944800
12/10/2021,$39.75,18107600
12/09/2021,$38.94,20337200
12/08/2021,$43.41,10444800
12/07/2021,$44.45,7889600
12/06/2021,$41.78,8914400
12/03/2021,$43.10,16386800
12/02/2021,$45.39,8348400
12/01/2021,$44.96,9406000
11/30/2021,$49.05,6895600
11/29/2021,$50.50,4435200
11/26/2021,$49.93,4941200
11/24/2021,$52.94,5237600
11/23/2021,$53.47,13380800
11/22/2021,$61.89,17485600
11/19/2021,$57.20,12136800
11/18/2021,$52.53,4017600
11/17/2021,$52.50,5410800
11/16/2021,$51.79,4858400
11/15/2021,$52.28,5865600
11/12/2021,$50.53,3712000
11/11/2021,$51.08,4317600
11/10/2021,$49.80,5237600
11/09/2021,$51.65,7381200
11/08/2021,$54.66,8631600
11/05/2021,$53.31,7242800
11/04/2021,$54.46,11632000
11/03/2021,$54.58,45062400
11/02/2021,$51.75,15529200
11/01/2021,$50.02,19776800
10/29/2021,$45.88,9176000
10/28/2021,$45.71,6784800
10/27/2021,$43.38,4428000
10/26/2021,$44.46,8706800
10/25/2021,$43.49,5771200
10/22/2021,$42.45,11201600
10/21/2021,$45.43,9609600
10/20/2021,$46.13,9107600
10/19/2021,$46.70,8282400
10/18/2021,$46.51,6358400
10/15/2021,$45.82,4800000
10/14/2021,$45.96,6695600
10/13/2021,$46.01,7711600
10/12/2021,$43.96,4934800
10/11/2021,$44.53,10739600
10/08/2021,$43.17,3272800
10/07/2021,$43.03,4637200
10/06/2021,$42.77,4801200
10/05/2021,$43.04,5263600
10/04/2021,$42.84,4782800
10/01/2021,$44.23,6204400
09/30/2021,$43.87,12682800
09/29/2021,$43.98,7599600
09/28/2021,$44.65,7082000
09/27/2021,$47.37,5880400
09/24/2021,$46.29,6743200
09/23/2021,$47.81,6729200
09/22/2021,$47.53,9026400
09/21/2021,$47.49,10535200
09/20/2021,$48.05,15767200
09/17/2021,$51.24,15783600
09/16/2021,$51.59,12232800
09/15/2021,$51.13,9241600
09/14/2021,$49.81,8566400
09/13/2021,$50.85,17336400
09/10/2021,$47.60,12170400
09/09/2021,$49.79,30046000
09/08/2021,$49.70,20694400
09/07/2021,$49.75,9985200
09/03/2021,$50.69,10634400
09/02/2021,$53.38,7408000
09/01/2021,$53.24,17815200
08/31/2021,$54.56,14298800
08/30/2021,$52.30,13238400
08/27/2021,$51.24,12923200
08/26/2021,$51.31,24954400
08/25/2021,$49.91,51444400
08/24/2021,$52.57,58608800
08/23/2021,$41.22,5372000
08/20/2021,$39.83,4619600
08/19/2021,$38.22,4786000
08/18/2021,$39.26,5647200
08/17/2021,$40.89,4863600
08/16/2021,$40.98,6290400
08/13/2021,$40.63,4059200
08/12/2021,$40.59,5271200
08/11/2021,$39.69,3781600
08/10/2021,$39.76,6493200
08/09/2021,$40.28,8996800
08/06/2021,$37.94,5410800
08/05/2021,$38.36,9648400
08/04/2021,$36.70,9574000
08/03/2021,$38.19,57802400
08/02/2021,$39.41,10131600
07/30/2021,$40.28,9508400
07/29/2021,$41.22,8960000
07/28/2021,$42.28,16403200
07/27/2021,$44.63,4859200
07/26/2021,$45.99,5042400
07/23/2021,$45.09,5264800
07/22/2021,$44.71,5652000
07/21/2021,$46.45,8916800
07/20/2021,$47.79,12404400
07/19/2021,$43.37,9747600
07/16/2021,$42.26,13151600
07/15/2021,$41.71,17194400
07/14/2021,$41.90,15655200
07/13/2021,$45.01,9591600
07/12/2021,$47.31,6545200
07/09/2021,$47.81,6331600
07/08/2021,$47.85,11430000
07/07/2021,$47.67,16958000
07/06/2021,$49.89,11072400
07/02/2021,$50.71,10396400
07/01/2021,$51.09,10968400
06/30/2021,$53.53,10158400
06/29/2021,$52.72,9920000
06/28/2021,$53.31,19517600
06/25/2021,$52.38,50770800
06/24/2021,$53.08,15453200
06/23/2021,$54.83,14220400
06/22/2021,$55.10,32800800
06/21/2021,$50.09,20480800
06/18/2021,$53.46,17281200
06/17/2021,$55.90,18434400
06/16/2021,$55.74,22259200
06/15/2021,$55.63,29207600
06/14/2021,$57.36,28530400
06/11/2021,$58.33,62323200
06/10/2021,$55.10,91920800
06/09/2021,$75.64,53717200
06/08/2021,$75.00,69756400
06/07/2021,$70.00,24206000
06/04/2021,$62.09,14550000
06/03/2021,$64.54,32000000
06/02/2021,$70.56,64076800
06/01/2021,$62.26,38502400
05/28/2021,$55.50,47005600
05/27/2021,$63.53,62105200
05/26/2021,$60.64,84479600
05/25/2021,$52.36,59550000
05/24/2021,$45.00,18657200
05/21/2021,$44.20,14618800
05/20/2021,$42.62,9912800
05/19/2021,$42.21,19303600
05/18/2021,$45.17,30954800
05/17/2021,$45.15,29848400
05/14/2021,$39.98,17174000
05/13/2021,$41.13,35494000
05/12/2021,$36.20,10926000
05/11/2021,$36.73,18738400
05/10/2021,$35.81,19226800
05/07/2021,$40.28,11738400
05/06/2021,$40.25,11771200
05/05/2021,$39.87,11221600
05/04/2021,$40.18,16030000
05/03/2021,$40.55,21044000
04/30/2021,$43.40,17734400
04/29/2021,$44.05,15041200
04/28/2021,$44.65,23155600
04/27/2021,$44.44,35730800
04/26/2021,$42.23,42128400
04/23/2021,$37.79,16116400
04/22/2021,$37.79,17383200
04/21/2021,$39.63,15251200
04/20/2021,$39.63,18634400
04/19/2021,$41.09,42080800
04/16/2021,$38.67,20858800
04/15/2021,$39.11,31427200
04/14/2021,$41.63,84552400
04/13/2021,$35.25,27227600
04/12/2021,$35.27,66734400
04/09/2021,$39.59,37849600
04/08/2021,$42.56,40189600
04/07/2021,$44.49,19073200
04/06/2021,$46.13,24873200
04/05/2021,$46.74,56282000
04/01/2021,$47.86,37337200
03/31/2021,$47.46,33575200
03/30/2021,$48.62,68379600
03/29/2021,$45.33,40168800
03/26/2021,$45.25,149722800
03/25/2021,$45.94,203849200
03/24/2021,$30.08,96711600
03/23/2021,$45.44,57716400
03/22/2021,$48.62,40246000
03/19/2021,$50.07,98709200
03/18/2021,$50.44,47059600
03/17/2021,$52.45,65926400
03/16/2021,$52.04,141691600
03/15/2021,$55.03,96401600
03/12/2021,$66.13,103383600
03/11/2021,$65.00,113250000
03/10/2021,$66.25,286282400
03/09/2021,$61.72,156397200
03/08/2021,$48.63,254262400
03/05/2021,$34.44,122934800
03/04/2021,$33.09,130427600
03/03/2021,$31.05,77095600
03/02/2021,$29.55,135132000
03/01/2021,$30.10,199176000
02/26/2021,$25.43,368776800
02/25/2021,$27.18,601235200
02/24/2021,$22.93,332446800
02/23/2021,$11.24,30260800
02/22/2021,$11.50,77904000
02/19/2021,$10.15,59312800
02/18/2021,$10.17,95962400
02/17/2021,$11.48,36747200
02/16/2021,$12.38,32700000
02/12/2021,$13.10,58293200
02/11/2021,$12.77,52226800
02/10/2021,$12.80,145820000
02/09/2021,$12.58,107372400
02/08/2021,$15.00,102749200
02/05/2021,$15.94,325380000
02/04/2021,$13.38,249709200
02/03/2021,$23.10,170794000
02/02/2021,$22.50,312732400
02/01/2021,$56.25,149528800
01/29/2021,$81.25,202264400
01/28/2021,$48.40,235263200
01/27/2021,$86.88,373586800
01/26/2021,$36.99,714352000
01/25/2021,$19.20,711496000
01/22/2021,$16.25,788631600
01/21/2021,$10.76,224867600
01/20/2021,$9.78,133887200
01/19/2021,$9.84,298887600
01/15/2021,$8.88,187465600
01/14/2021,$9.98,374869600
01/13/2021,$7.85,578006800
01/12/2021,$4.99,28242800
01/11/2021,$4.99,59632000
01/08/2021,$4.42,25928000
01/07/2021,$4.52,24517200
01/06/2021,$4.59,24224800
01/05/2021,$4.34,19846000
01/04/2021,$4.31,40090000
12/31/2020,$4.71,27690800
12/30/2020,$4.82,23737600
12/29/2020,$4.84,36965600
12/28/2020,$5.25,35863600
12/24/2020,$5.04,25048800
12/23/2020,$5.14,103321200
12/22/2020,$4.86,122610800
12/21/2020,$3.88,39504400
12/18/2020,$3.91,66475200
12/17/2020,$3.71,32779600
12/16/2020,$3.46,23460400
12/15/2020,$3.46,32759200
12/14/2020,$3.18,40028400
12/11/2020,$3.33,29987600
12/10/2020,$3.53,30235600
12/09/2020,$3.41,97431600
12/08/2020,$4.24,64480800
12/07/2020,$4.09,29545200
12/04/2020,$4.22,35890800
12/03/2020,$4.03,25180000
12/02/2020,$4.14,31533600
12/01/2020,$3.95,50615600
11/30/2020,$4.14,127934000
11/27/2020,$4.02,50016800
11/25/2020,$3.69,35440400
11/24/2020,$3.42,28732800
11/23/2020,$3.47,38396400
11/20/2020,$3.18,33581600
11/19/2020,$3.12,47150400
11/18/2020,$2.89,12676800
11/17/2020,$2.91,26712800
11/16/2020,$3.02,39099200
11/13/2020,$2.75,14143600
11/12/2020,$2.78,17413200
11/11/2020,$2.94,19530400
11/10/2020,$2.78,15304000
11/09/2020,$2.87,24979600
11/06/2020,$2.96,22072800
11/05/2020,$2.86,18820800
11/04/2020,$2.73,23231600
11/03/2020,$2.89,29818000
11/02/2020,$2.69,20908000
10/30/2020,$2.62,46187600
10/29/2020,$2.93,16663200
10/28/2020,$2.95,25554400
10/27/2020,$3.17,28924000
10/26/2020,$3.36,53505200
10/23/2020,$3.75,26029200
10/22/2020,$3.73,64848800
10/21/2020,$3.53,21447600
10/20/2020,$3.46,26416000
10/19/2020,$3.48,52676400
10/16/2020,$3.33,46606400
10/15/2020,$3.46,159579200
10/14/2020,$3.06,43045600
10/13/2020,$2.97,40718800
10/12/2020,$2.95,94622800
10/09/2020,$3.01,308611200
10/08/2020,$3.37,305814400
10/07/2020,$2.34,13234400
10/06/2020,$2.28,18141600
10/05/2020,$2.37,11220000
10/02/2020,$2.35,17362000
10/01/2020,$2.44,18216400
09/30/2020,$2.55,24316000
09/29/2020,$2.59,20950400
09/28/2020,$2.52,27057200
09/25/2020,$2.51,30060800
09/24/2020,$2.29,31755200
09/23/2020,$2.51,42604800
09/22/2020,$2.64,139010000
09/21/2020,$2.19,30559200
09/18/2020,$2.37,69630000
09/17/2020,$2.30,68106800
09/16/2020,$2.17,77025200
09/15/2020,$1.77,22974000
09/14/2020,$1.73,40476000
09/11/2020,$1.52,24244800
09/10/2020,$1.56,62233200
09/09/2020,$1.84,36272400
09/08/2020,$1.92,39266400
09/04/2020,$1.91,30648000
09/03/2020,$1.96,57378000
09/02/2020,$1.93,52044400
09/01/2020,$1.91,92634400
08/31/2020,$1.67,151904000
08/28/2020,$1.35,16947600
08/27/2020,$1.31,13537600
08/26/2020,$1.28,11118800
08/25/2020,$1.25,11994800
08/24/2020,$1.22,18341600
08/21/2020,$1.26,42570400
08/20/2020,$1.15,9764800
08/19/2020,$1.18,10450400
08/18/2020,$1.20,15337600
08/17/2020,$1.16,9484000
08/14/2020,$1.19,13897600
08/13/2020,$1.16,8513200
08/12/2020,$1.13,12230400
08/11/2020,$1.09,12555200
08/10/2020,$1.08,18247200
08/07/2020,$1.04,13364400
08/06/2020,$1.11,7604800
08/05/2020,$1.16,19677200
08/04/2020,$1.11,41445600
08/03/2020,$1.04,10070400
07/31/2020,$1.00,7517600
07/30/2020,$1.02,9594000
07/29/2020,$1.01,11518400
07/28/2020,$0.99,18221600
07/27/2020,$1.00,9890800
07/24/2020,$1.01,8863600
07/23/2020,$1.03,12948800
07/22/2020,$1.03,10094000
07/21/2020,$1.00,13351600
07/20/2020,$0.96,13604400
07/17/2020,$0.99,12263600
07/16/2020,$1.04,5320400
07/15/2020,$1.05,5896400
07/14/2020,$1.02,9046400
07/13/2020,$1.07,16864800
07/10/2020,$1.09,5643200
07/09/2020,$1.05,7970400
07/08/2020,$1.07,8211200
07/07/2020,$1.02,9826400
07/06/2020,$1.06,8563600
07/02/2020,$1.07,7550400
07/01/2020,$1.11,9214800
06/30/2020,$1.09,15556000
06/29/2020,$1.10,8524800
06/26/2020,$1.09,15204800
06/25/2020,$1.12,9803200
06/24/2020,$1.10,11904800
06/23/2020,$1.21,12821600
06/22/2020,$1.22,12715600
06/19/2020,$1.22,29466400
06/18/2020,$1.24,13695200
06/17/2020,$1.19,14374000
06/16/2020,$1.16,12485200
06/15/2020,$1.17,15636000
06/12/2020,$1.18,17512800
06/11/2020,$1.09,24944000
06/10/2020,$1.27,42425600
06/09/2020,$1.24,32293600
06/08/2020,$1.25,40534800
06/05/2020,$1.03,25097600
06/04/2020,$1.12,14057200
06/03/2020,$1.11,12149600
06/02/2020,$1.04,9477600
06/01/2020,$1.03,10446400
05/29/2020,$1.01,15846800
05/28/2020,$1.08,8735600
05/27/2020,$1.17,12586400
05/26/2020,$1.11,14182800
05/22/2020,$1.04,9519600
05/21/2020,$1.11,7887600
05/20/2020,$1.11,10174400
05/19/2020,$1.11,7362800
05/18/2020,$1.14,9456800
05/15/2020,$1.05,7762400
05/14/2020,$1.03,8019600
05/13/2020,$1.05,11531600
05/12/2020,$1.13,10556800
05/11/2020,$1.19,6796800
05/08/2020,$1.25,9410400
05/07/2020,$1.22,10003200
05/06/2020,$1.23,13478400
05/05/2020,$1.35,8423600
05/04/2020,$1.37,16272400
05/01/2020,$1.51,16022400
04/30/2020,$1.43,8693200
04/29/2020,$1.51,13478400
04/28/2020,$1.41,20800800
04/27/2020,$1.46,29100400
04/24/2020,$1.19,8944800
04/23/2020,$1.17,9063600
04/22/2020,$1.22,10711200
04/21/2020,$1.20,16568400
04/20/2020,$1.40,24340000
04/17/2020,$1.22,22612800
04/16/2020,$1.26,13487600
04/15/2020,$1.32,29999600
04/14/2020,$1.49,54026400
04/13/2020,$1.18,27378000
04/09/2020,$0.97,23634400
04/08/2020,$0.85,11538000
04/07/2020,$0.82,11347600
04/06/2020,$0.77,13362000
04/03/2020,$0.70,15321600
04/02/2020,$0.71,16257200
04/01/2020,$0.81,18274800
03/31/2020,$0.88,9203600
03/30/2020,$0.91,13402400
03/27/2020,$1.05,28099200
03/26/2020,$1.10,24742800
03/25/2020,$1.04,14368400
03/24/2020,$1.04,27222400
03/23/2020,$0.95,24039200
03/20/2020,$0.94,30888800
03/19/2020,$1.05,20158000
03/18/2020,$0.94,14606800
03/17/2020,$1.06,14248800
03/16/2020,$1.09,19466800
03/13/2020,$1.15,23148800
03/12/2020,$1.00,20493600
03/11/2020,$1.03,17656400
03/10/2020,$1.06,19452800
03/09/2020,$0.93,10928000
03/06/2020,$0.98,8387200
03/05/2020,$0.99,14397600
03/04/2020,$0.94,17030400
03/03/2020,$0.91,17130000
03/02/2020,$0.96,12833600
02/28/2020,$0.90,18768800
02/27/2020,$0.87,15518000
02/26/2020,$0.85,18899200
02/25/2020,$0.89,17791600
02/24/2020,$0.93,14265200
02/21/2020,$1.01,6782800
02/20/2020,$1.03,6249200
02/19/2020,$1.04,10372400
02/18/2020,$1.01,5870400
02/14/2020,$1.00,6330800
02/13/2020,$1.03,8326800
02/12/2020,$1.05,19282400
02/11/2020,$1.00,13660000
02/10/2020,$0.99,11108000
02/07/2020,$0.95,10969200
02/06/2020,$1.03,6041200
02/05/2020,$1.04,10566800
02/04/2020,$1.02,14252400
02/03/2020,$0.99,8102400
01/31/2020,$0.96,11566800
01/30/2020,$0.98,12026000
01/29/2020,$1.03,6210400
01/28/2020,$1.05,8579600
01/27/2020,$1.07,8490000
01/24/2020,$1.08,16654400
01/23/2020,$1.15,7520800
01/22/2020,$1.14,10510000
01/21/2020,$1.15,14128400
01/17/2020,$1.19,16078000
01/16/2020,$1.15,17148400
01/15/2020,$1.15,19924400
01/14/2020,$1.18,50247600
01/13/2020,$1.36,14500800
01/10/2020,$1.36,11125600
01/09/2020,$1.39,10572000
01/08/2020,$1.43,22517600
01/07/2020,$1.38,20912000
01/06/2020,$1.46,13579200
01/03/2020,$1.47,14175600
01/02/2020,$1.58,17814400
12/31/2019,$1.52,17290400
12/30/2019,$1.53,17928400
12/27/2019,$1.48,44165200
12/26/2019,$1.35,17057600
12/24/2019,$1.36,13582000
12/23/2019,$1.40,25130800
12/20/2019,$1.50,21938400
12/19/2019,$1.51,17808000
12/18/2019,$1.54,21056400
12/17/2019,$1.51,16565600
12/16/2019,$1.38,17627600
12/13/2019,$1.36,21756000
12/12/2019,$1.39,25549200
12/11/2019,$1.38,78071200
12/10/2019,$1.63,38379600
12/09/2019,$1.58,25002400
12/06/2019,$1.67,19029200
12/05/2019,$1.60,17525600
12/04/2019,$1.61,11489600
12/03/2019,$1.53,8859600
12/02/2019,$1.54,8242400
11/29/2019,$1.59,5476000
11/27/2019,$1.59,12120000
11/26/2019,$1.52,10594800
11/25/2019,$1.51,10979600
11/22/2019,$1.41,13972400
11/21/2019,$1.38,11136000
11/20/2019,$1.37,10666800
11/19/2019,$1.38,13442000
11/18/2019,$1.40,11983600
11/15/2019,$1.47,8663600
11/14/2019,$1.50,6834800
11/13/2019,$1.49,6134400
11/12/2019,$1.48,7338000
11/11/2019,$1.50,12437600
11/08/2019,$1.52,7874800
11/07/2019,$1.55,12517200
11/06/2019,$1.52,16513200
11/05/2019,$1.48,13496400
11/04/2019,$1.46,14680000
11/01/2019,$1.46,20841600
10/31/2019,$1.36,17434400
10/30/2019,$1.43,14958000
10/29/2019,$1.45,15675200
10/28/2019,$1.55,11418800
10/25/2019,$1.59,10581600
10/24/2019,$1.61,17072800
10/23/2019,$1.61,16285600
10/22/2019,$1.60,16698000
10/21/2019,$1.48,14446400
10/18/2019,$1.49,12788400
10/17/2019,$1.51,14426400
10/16/2019,$1.47,15474800
10/15/2019,$1.40,25403600
10/14/2019,$1.39,21095600
10/11/2019,$1.34,23636800
10/10/2019,$1.26,20912000
10/09/2019,$1.25,23238400
10/08/2019,$1.31,19292400
10/07/2019,$1.37,16619200
10/04/2019,$1.39,16852400
10/03/2019,$1.36,17386800
10/02/2019,$1.33,32619600
10/01/2019,$1.39,26369600
09/30/2019,$1.38,35679200
09/27/2019,$1.34,22194000
09/26/2019,$1.32,24323600
09/25/2019,$1.30,48657200
09/24/2019,$1.25,52391600
09/23/2019,$1.25,49896000
09/20/2019,$1.17,46415200
09/19/2019,$1.11,31441200
09/18/2019,$1.15,39184800
09/17/2019,$1.08,25624000
09/16/2019,$1.09,27045200
09/13/2019,$1.10,30648800
09/12/2019,$1.14,35634800
09/11/2019,$1.15,136020000
09/10/2019,$1.27,66636800
09/09/2019,$1.19,58315200
09/06/2019,$1.08,26806000
09/05/2019,$1.06,27568000
09/04/2019,$1.00,16908400
09/03/2019,$0.95,36177600
08/30/2019,$0.99,42538400
08/29/2019,$1.06,53454000
08/28/2019,$0.97,25756800
08/27/2019,$0.93,22804000
08/26/2019,$0.95,41277600
08/23/2019,$0.91,34643600
08/22/2019,$0.97,116709200
08/21/2019,$0.88,23643600
08/20/2019,$0.86,17040000
08/19/2019,$0.85,11550000
08/16/2019,$0.83,12522800
08/15/2019,$0.80,23553600
08/14/2019,$0.83,24327600
08/13/2019,$0.87,18018000
08/12/2019,$0.88,10710400
08/09/2019,$0.90,12317600
08/08/2019,$0.97,9226800
08/07/2019,$0.95,23424400
08/06/2019,$0.95,20629600
08/05/2019,$0.93,22727200
08/02/2019,$0.94,14378800
08/01/2019,$0.96,22386000
07/31/2019,$1.00,20835600
07/30/2019,$1.01,21085600
07/29/2019,$1.03,17308400
07/26/2019,$1.00,12836000
07/25/2019,$1.00,23160000
07/24/2019,$1.02,24082400
07/23/2019,$1.02,30814000
07/22/2019,$1.03,21954800
07/19/2019,$1.08,43786000
07/18/2019,$1.05,34342800
07/17/2019,$1.10,30572400
07/16/2019,$1.16,23880000
07/15/2019,$1.19,12273600
07/12/2019,$1.23,17568800
07/11/2019,$1.21,67112800
07/10/2019,$1.29,43413200
07/09/2019,$1.33,46887600
07/08/2019,$1.36,26370800
07/05/2019,$1.38,51578400
07/03/2019,$1.33,10248400
07/02/2019,$1.35,22574000
07/01/2019,$1.34,17243200
06/28/2019,$1.37,15585600
06/27/2019,$1.38,15024000
06/26/2019,$1.37,14207200
06/25/2019,$1.36,12341600
06/24/2019,$1.34,19293200
06/21/2019,$1.36,35817200
06/20/2019,$1.38,15735200
06/19/2019,$1.41,11893200
06/18/2019,$1.43,16281600
06/17/2019,$1.42,14746000
06/14/2019,$1.41,21218400
06/13/2019,$1.42,23363200
06/12/2019,$1.38,19657200
06/11/2019,$1.43,53695200
06/10/2019,$1.36,75706000
06/07/2019,$1.25,42365200
06/06/2019,$1.28,54232000
06/05/2019,$1.26,157416800
06/04/2019,$1.96,41720400
06/03/2019,$1.87,20916400
05/31/2019,$1.89,15932400
05/30/2019,$1.90,10780800
05/29/2019,$1.89,16510800
05/28/2019,$1.93,10931200
05/24/2019,$1.96,10168400
05/23/2019,$1.92,15678000
05/22/2019,$1.98,18064400
05/21/2019,$2.03,22788400
05/20/2019,$2.02,20174400
05/17/2019,$2.15,7869200
05/16/2019,$2.17,7004000
05/15/2019,$2.17,9014000
05/14/2019,$2.13,10451600
05/13/2019,$2.07,12172800
05/10/2019,$2.12,9206000
05/09/2019,$2.13,9358000
05/08/2019,$2.17,8249600
05/07/2019,$2.19,10366400
05/06/2019,$2.21,9624800
05/03/2019,$2.24,8718400
05/02/2019,$2.19,12467600
05/01/2019,$2.13,14155600
04/30/2019,$2.16,12830800
04/29/2019,$2.19,10192400
04/26/2019,$2.22,9227200
04/25/2019,$2.24,10508000
04/24/2019,$2.25,16424400
04/23/2019,$2.22,17809200
04/22/2019,$2.16,25114800
04/18/2019,$2.19,15256800
04/17/2019,$2.23,15684400
04/16/2019,$2.27,18880000
04/15/2019,$2.23,22109600
04/12/2019,$2.33,19114000
04/11/2019,$2.44,10180800
04/10/2019,$2.49,11228800
04/09/2019,$2.45,11914000
04/08/2019,$2.48,18204000
04/05/2019,$2.46,22974400
04/04/2019,$2.51,31671200
04/03/2019,$2.41,106391600
04/02/2019,$2.53,34680800
04/01/2019,$2.59,17662800
03/29/2019,$2.54,11676000
03/28/2019,$2.55,12489200
03/27/2019,$2.57,10424800
03/26/2019,$2.59,14140400
03/25/2019,$2.54,17944800
03/22/2019,$2.61,13156000
03/21/2019,$2.64,12821200
03/20/2019,$2.63,16415600
03/19/2019,$2.74,12359600
03/18/2019,$2.77,9804800
03/15/2019,$2.77,14149600
03/14/2019,$2.74,11358400
03/13/2019,$2.89,8766400
03/12/2019,$2.87,8659600
03/11/2019,$2.82,10814400
03/08/2019,$2.74,24686400
03/07/2019,$2.90,7245600
03/06/2019,$2.89,13251600
03/05/2019,$2.90,22151600
03/04/2019,$2.89,8914400
03/01/2019,$2.94,7604800
02/28/2019,$2.92,11280800
02/27/2019,$2.92,13589200
02/26/2019,$2.91,8632000
02/25/2019,$2.89,14378000
02/22/2019,$2.84,12998000
02/21/2019,$2.76,9956800
02/20/2019,$2.80,11842000
02/19/2019,$2.80,13222400
02/15/2019,$2.86,8847200
02/14/2019,$2.83,9874000
02/13/2019,$2.87,8531200
02/12/2019,$2.89,10712000
02/11/2019,$2.83,7674400
02/08/2019,$2.84,7204800
02/07/2019,$2.87,8084400
02/06/2019,$2.88,13918400
02/05/2019,$2.95,17084400
02/04/2019,$2.84,17086000
02/01/2019,$2.81,13909600
01/31/2019,$2.84,24198400
01/30/2019,$2.80,24604000
01/29/2019,$2.82,131481200
01/28/2019,$3.88,11939600
01/25/2019,$3.97,7660400
01/24/2019,$3.95,5128000
01/23/2019,$3.87,7348000
01/22/2019,$3.82,12754800
01/18/2019,$3.98,34188800
01/17/2019,$3.94,6972000
01/16/2019,$3.92,7970400
01/15/2019,$3.88,8912800
01/14/2019,$3.91,14443600
01/11/2019,$3.96,9679200
01/10/2019,$3.99,11619200
01/09/2019,$3.99,14218000
01/08/2019,$3.95,13775200
01/07/2019,$3.87,18872000
01/04/2019,$3.81,47662800
01/03/2019,$3.24,7001600
01/02/2019,$3.27,8496800
12/31/2018,$3.15,11161200
12/28/2018,$3.07,8105200
12/27/2018,$3.05,7338400
12/26/2018,$3.10,9616800
12/24/2018,$2.92,5314000
12/21/2018,$2.99,17692000
12/20/2018,$3.11,10684800
12/19/2018,$3.14,9703600
12/18/2018,$3.18,10379600
12/17/2018,$3.16,9022800
12/14/2018,$3.19,6654800
12/13/2018,$3.20,9746400
12/12/2018,$3.31,7271200
12/11/2018,$3.24,9352800
12/10/2018,$3.31,11174800
12/07/2018,$3.42,13610400
12/06/2018,$3.39,12788800
12/04/2018,$3.38,14935600
12/03/2018,$3.47,16084800
11/30/2018,$3.41,47627200
11/29/2018,$3.66,16838400
11/28/2018,$3.75,10574800
11/27/2018,$3.68,17538800
11/26/2018,$3.64,23613600
11/23/2018,$3.38,10767200
11/21/2018,$3.43,49923200
11/20/2018,$3.07,24139600
11/19/2018,$3.26,13803600
11/16/2018,$3.20,22866800
11/15/2018,$3.28,12119600
11/14/2018,$3.24,13744400
11/13/2018,$3.47,9232800
11/12/2018,$3.47,9600800
11/09/2018,$3.66,6686000
11/08/2018,$3.71,8557200
11/07/2018,$3.72,8177200
11/06/2018,$3.74,7584000
11/05/2018,$3.75,7214400
11/02/2018,$3.90,6662400
11/01/2018,$3.84,11017200
10/31/2018,$3.65,6955600
10/30/2018,$3.67,8376400
10/29/2018,$3.63,12675600
10/26/2018,$3.43,10044400
10/25/2018,$3.61,9096400
10/24/2018,$3.77,8965200
10/23/2018,$3.82,9580400
10/22/2018,$3.78,9222000
10/19/2018,$3.68,12424000
10/18/2018,$3.77,5914400
10/17/2018,$3.83,7991600
10/16/2018,$3.82,8160800
10/15/2018,$3.72,6000400
10/12/2018,$3.70,7710400
10/11/2018,$3.66,8384000
10/10/2018,$3.71,7850400
10/09/2018,$3.69,9622800
10/08/2018,$3.74,9040400
10/05/2018,$3.67,9294800
10/04/2018,$3.70,6086400
10/03/2018,$3.73,8054400
10/02/2018,$3.72,11512800
10/01/2018,$3.82,16239200
09/28/2018,$3.82,10103200
09/27/2018,$3.89,8096800
09/26/2018,$3.90,7605200
09/25/2018,$4.01,8250000
09/24/2018,$3.88,14310800
09/21/2018,$4.13,12163600
09/20/2018,$4.12,6416400
09/19/2018,$4.15,7192800
09/18/2018,$4.13,7147200
09/17/2018,$4.15,8928000
09/14/2018,$4.20,12021600
09/13/2018,$4.26,14758000
09/12/2018,$4.16,13583200
09/11/2018,$4.04,11164000
09/10/2018,$4.00,10910800
09/07/2018,$4.03,27182400
09/06/2018,$4.03,27108800
09/05/2018,$4.07,69886400
09/04/2018,$3.51,23744000
08/31/2018,$3.32,14896000
08/30/2018,$3.39,15733600
08/29/2018,$3.53,16398400
08/28/2018,$3.51,27288000
08/27/2018,$3.68,58779600
08/24/2018,$4.14,18102400
08/23/2018,$4.19,14334000
08/22/2018,$4.24,26422400
08/21/2018,$4.12,20772800
08/20/2018,$3.96,14427600
08/17/2018,$3.83,6533200
08/16/2018,$3.81,6878800
08/15/2018,$3.86,8390400
08/14/2018,$3.88,7813600
08/13/2018,$3.80,8403600
08/10/2018,$3.83,9665600
08/09/2018,$3.80,9370800
08/08/2018,$3.81,8715600
08/07/2018,$3.78,7813600
08/06/2018,$3.71,8300000
08/03/2018,$3.71,10228800
08/02/2018,$3.65,10116400
08/01/2018,$3.68,8318800
07/31/2018,$3.60,11030000
07/30/2018,$3.67,6311200
07/27/2018,$3.71,5658000
07/26/2018,$3.70,6756800
07/25/2018,$3.63,13380000
07/24/2018,$3.69,6170400
07/23/2018,$3.72,7335200
07/20/2018,$3.77,8591600
07/19/2018,$3.73,6913600
07/18/2018,$3.64,8198800
07/17/2018,$3.64,12180400
07/16/2018,$3.81,7226000
07/13/2018,$3.82,9328800
07/12/2018,$3.77,7703600
07/11/2018,$3.67,9150800
07/10/2018,$3.71,11666800
07/09/2018,$3.87,15678000
07/06/2018,$3.79,16204400
07/05/2018,$3.66,18887200
07/03/2018,$3.51,5157200
07/02/2018,$3.54,14893200
06/29/2018,$3.64,13604400
06/28/2018,$3.72,7620800
06/27/2018,$3.65,9022800
06/26/2018,$3.74,10790000
06/25/2018,$3.78,10738800
06/22/2018,$3.88,38308800
06/21/2018,$3.88,14252400
06/20/2018,$3.93,20656800
06/19/2018,$3.94,40562400
06/18/2018,$3.80,95155600
06/15/2018,$3.49,52570800
06/14/2018,$3.21,30128800
06/13/2018,$3.33,35296400
06/12/2018,$3.51,13536400
06/11/2018,$3.57,18871200
06/08/2018,$3.63,20124000
06/07/2018,$3.62,12854000
06/06/2018,$3.61,20594400
06/05/2018,$3.65,22786000
06/04/2018,$3.56,29186400
06/01/2018,$3.43,103296000
05/31/2018,$3.30,25956800
05/30/2018,$3.36,19965200
05/29/2018,$3.26,16962800
05/25/2018,$3.17,9776000
05/24/2018,$3.18,12308000
05/23/2018,$3.18,12640400
05/22/2018,$3.17,18169600
05/21/2018,$3.19,20262800
05/18/2018,$3.12,40947600
05/17/2018,$3.40,11648000
05/16/2018,$3.39,26954000
05/15/2018,$3.38,15160800
05/14/2018,$3.32,23629600
05/11/2018,$3.18,22029600
05/10/2018,$3.26,12474000
05/09/2018,$3.23,15011600
05/08/2018,$3.20,15356000
05/07/2018,$3.22,12474000
05/04/2018,$3.25,19612400
05/03/2018,$3.21,20365600
05/02/2018,$3.36,12727200
05/01/2018,$3.46,9638800
04/30/2018,$3.41,12607600
04/27/2018,$3.46,10002400
04/26/2018,$3.42,12848000
04/25/2018,$3.37,14588400
04/24/2018,$3.35,14454400
04/23/2018,$3.30,14771600
04/20/2018,$3.22,24803200
04/19/2018,$3.38,10029600
04/18/2018,$3.41,14293200
04/17/2018,$3.48,17155600
04/16/2018,$3.45,12910800
04/13/2018,$3.40,12754800
04/12/2018,$3.41,12457600
04/11/2018,$3.46,17136000
04/10/2018,$3.42,23154400
04/09/2018,$3.37,22814400
04/06/2018,$3.36,16953200
04/05/2018,$3.39,20562400
04/04/2018,$3.34,25535200
04/03/2018,$3.25,22988800
04/02/2018,$3.20,44520000
03/29/2018,$3.15,101847200
03/28/2018,$3.54,30536000
03/27/2018,$3.47,17923600
03/26/2018,$3.51,20062800
03/23/2018,$3.38,15245600
03/22/2018,$3.46,17769200
03/21/2018,$3.51,17644800
03/20/2018,$3.62,17136000
03/19/2018,$3.70,15904400
03/16/2018,$3.86,20336000
03/15/2018,$3.83,7468000
03/14/2018,$3.87,10072400
03/13/2018,$3.90,11566000
03/12/2018,$3.89,15514400
03/09/2018,$3.96,15879600
03/08/2018,$3.91,11897600
03/07/2018,$3.98,11957600
03/06/2018,$4.01,10670400
03/05/2018,$4.01,16944400
03/02/2018,$3.98,14215600
03/01/2018,$3.99,12530000
02/28/2018,$3.92,18948000
02/27/2018,$3.89,17896000
02/26/2018,$4.02,11084800
02/23/2018,$3.99,10321200
02/22/2018,$3.90,9808800
02/21/2018,$3.92,12124800
02/20/2018,$3.96,9959200
02/16/2018,$4.10,10824400
02/15/2018,$4.10,9052400
02/14/2018,$4.05,12863600
02/13/2018,$3.89,9855600
02/12/2018,$3.95,9727200
02/09/2018,$4.04,22563600
02/08/2018,$3.96,17146800
02/07/2018,$4.12,17654000
02/06/2018,$4.03,19848800
02/05/2018,$3.91,16524400
02/02/2018,$4.06,13014000
02/01/2018,$4.16,11748400
01/31/2018,$4.20,10996800
01/30/2018,$4.27,7544000
01/29/2018,$4.29,12618800
01/26/2018,$4.26,13395200
01/25/2018,$4.21,10807200
01/24/2018,$4.24,16295600
01/23/2018,$4.35,14514000
01/22/2018,$4.39,20939200
01/19/2018,$4.53,12776000
01/18/2018,$4.47,17062800
01/17/2018,$4.38,17038800
01/16/2018,$4.29,31410000
01/12/2018,$4.44,61783200
01/11/2018,$4.99,16852400
01/10/2018,$4.92,16051200
01/09/2018,$4.89,14650400
01/08/2018,$4.81,14673600
01/05/2018,$4.67,12076000
01/04/2018,$4.58,11125200
01/03/2018,$4.55,15156800
01/02/2018,$4.57,11330800
12/29/2017,$4.49,8255600
12/28/2017,$4.54,7757600
12/27/2017,$4.56,7350400
12/26/2017,$4.63,12936800
12/22/2017,$4.57,8341600
12/21/2017,$4.61,11448400
12/20/2017,$4.56,9218000
12/19/2017,$4.60,9014800
12/18/2017,$4.66,12825600
12/15/2017,$4.59,15500800
12/14/2017,$4.59,11272400
12/13/2017,$4.67,12346400
12/12/2017,$4.78,10131600
12/11/2017,$4.77,14610000
12/08/2017,$4.80,12568400
12/07/2017,$4.66,13109200
12/06/2017,$4.75,9721200
12/05/2017,$4.82,12323600
12/04/2017,$4.85,17445200
12/01/2017,$4.69,15327600
11/30/2017,$4.69,20098800
11/29/2017,$4.88,25909200
11/28/2017,$4.76,23533600
11/27/2017,$4.54,23387200
11/24/2017,$4.36,25896800
11/22/2017,$4.34,80569600
11/21/2017,$4.18,37409600
11/20/2017,$4.11,15186800
11/17/2017,$4.08,12778000
11/16/2017,$4.05,19420400
11/15/2017,$4.00,15286000
11/14/2017,$4.05,14071200
11/13/2017,$4.05,17498800
11/10/2017,$4.11,23149600
11/09/2017,$4.39,11451600
11/08/2017,$4.30,8921600
11/07/2017,$4.28,11377600
11/06/2017,$4.46,12196000
11/03/2017,$4.53,8081600
11/02/2017,$4.63,11618400
11/01/2017,$4.65,9954800
10/31/2017,$4.67,8775600
10/30/2017,$4.69,9008000
10/27/2017,$4.84,8920800
10/26/2017,$4.88,8568400
10/25/2017,$4.90,10313600
10/24/2017,$4.99,6804800
10/23/2017,$5.07,6814400
10/20/2017,$5.03,6760800
10/19/2017,$5.01,5086400
10/18/2017,$5.01,7648800
10/17/2017,$4.91,5004400
10/16/2017,$4.85,6058800
10/13/2017,$4.93,4371600
10/12/2017,$4.88,7103200
10/11/2017,$4.90,9236000
10/10/2017,$5.06,7053200
10/09/2017,$5.04,7199600
10/06/2017,$5.01,6607200
10/05/2017,$5.13,4584000
10/04/2017,$5.06,4735200
10/03/2017,$5.05,5561200
10/02/2017,$5.12,6238800
09/29/2017,$5.16,6262800
09/28/2017,$5.20,6883600
09/27/2017,$5.21,8193600
09/26/2017,$5.16,8520400
09/25/2017,$5.11,4635200
09/22/2017,$5.00,4003600
09/21/2017,$4.97,5662000
09/20/2017,$5.03,4860000
09/19/2017,$5.05,5441200
09/18/2017,$5.04,8383600
09/15/2017,$5.07,10021600
09/14/2017,$5.02,7686800
09/13/2017,$5.01,7023600
09/12/2017,$4.88,13388000
09/11/2017,$4.80,8818400
09/08/2017,$4.79,8876800
09/07/2017,$4.71,11212000
09/06/2017,$4.84,11683200
09/05/2017,$4.74,10584000
09/01/2017,$4.67,9377200
08/31/2017,$4.63,10518400
08/30/2017,$4.70,8840400
08/29/2017,$4.69,18670800
08/28/2017,$4.79,20913600
08/25/2017,$4.85,82002800
08/24/2017,$5.45,16938400
08/23/2017,$5.37,9731600
08/22/2017,$5.41,9895200
08/21/2017,$5.24,6532400
08/18/2017,$5.30,8494000
08/17/2017,$5.28,7758400
08/16/2017,$5.35,9757600
08/15/2017,$5.23,15553600
08/14/2017,$5.46,6135600
08/11/2017,$5.44,6477200
08/10/2017,$5.37,6085200
08/09/2017,$5.52,6014000
08/08/2017,$5.49,5690000
08/07/2017,$5.54,5110400
08/04/2017,$5.48,4544400
08/03/2017,$5.41,4191600
08/02/2017,$5.34,4464400
08/01/2017,$5.34,12236400
07/31/2017,$5.42,5477600
07/28/2017,$5.38,4938800
07/27/2017,$5.43,15353600
07/26/2017,$5.26,7079600
07/25/2017,$5.32,8422000
07/24/2017,$5.20,6337200
07/21/2017,$5.20,14301600
07/20/2017,$5.28,7422800
07/19/2017,$5.34,3891600
07/18/2017,$5.27,4412800
07/17/2017,$5.32,6917200
07/14/2017,$5.26,4919600
07/13/2017,$5.29,6997600
07/12/2017,$5.25,4348000
07/11/2017,$5.24,4670800
07/10/2017,$5.22,6586000
07/07/2017,$5.23,7423600
07/06/2017,$5.28,6033200
07/05/2017,$5.38,10736800
07/03/2017,$5.40,5637600
06/30/2017,$5.40,4604400
06/29/2017,$5.40,6932800
06/28/2017,$5.38,12645600
06/27/2017,$5.34,6988800
06/26/2017,$5.28,9228800
06/23/2017,$5.16,6991200
06/22/2017,$5.14,16845600
06/21/2017,$5.11,8776800
06/20/2017,$5.16,7184800
06/19/2017,$5.20,8533600
06/16/2017,$5.15,14732000
06/15/2017,$5.30,9284400
06/14/2017,$5.41,9924400
06/13/2017,$5.49,7673600
06/12/2017,$5.43,13127600
06/09/2017,$5.50,11822800
06/08/2017,$5.34,14475200
06/07/2017,$5.51,8619200
06/06/2017,$5.47,12421600
06/05/2017,$5.62,7822800
06/02/2017,$5.67,9402000
06/01/2017,$5.70,14764000
05/31/2017,$5.53,21626000
05/30/2017,$5.64,22719600
05/26/2017,$5.55,56848000
05/25/2017,$5.91,30954000
05/24/2017,$5.68,9792400
05/23/2017,$5.66,22539200
05/22/2017,$6.01,9823600
05/19/2017,$6.05,10678400
05/18/2017,$5.95,6992800
05/17/2017,$5.96,8830800
05/16/2017,$6.12,8138800
05/15/2017,$6.09,8557600
05/12/2017,$6.01,7281200
05/11/2017,$6.09,12190800
05/10/2017,$6.24,9637200
05/09/2017,$6.12,7800000
05/08/2017,$6.09,8862800
05/05/2017,$6.00,4682400
05/04/2017,$5.89,5856000
05/03/2017,$5.99,12509200
05/02/2017,$5.86,7152800
05/01/2017,$5.70,10979200
04/28/2017,$5.67,12417200
04/27/2017,$5.78,11881200
04/26/2017,$5.91,8846400
04/25/2017,$5.85,5766800
04/24/2017,$5.80,10865600
04/21/2017,$5.80,7064800
04/20/2017,$5.80,7626400
04/19/2017,$5.70,6722000
04/18/2017,$5.71,7945200
04/17/2017,$5.72,14218000
04/13/2017,$5.59,14654400
04/12/2017,$5.52,7532400
04/11/2017,$5.53,10873600
04/10/2017,$5.47,9381200
04/07/2017,$5.41,15018000
04/06/2017,$5.46,13184800
04/05/2017,$5.44,8675600
04/04/2017,$5.49,8948000
04/03/2017,$5.50,10836400
03/31/2017,$5.64,11736800
03/30/2017,$5.61,8888000
03/29/2017,$5.49,13033200
03/28/2017,$5.43,17114400
03/27/2017,$5.21,27849200
03/24/2017,$5.18,63778400
03/23/2017,$5.99,18648800
03/22/2017,$6.02,8168000
03/21/2017,$6.00,11402000
03/20/2017,$5.97,16464800
03/17/2017,$6.16,21716400
03/16/2017,$6.07,12534000
03/15/2017,$6.17,11586000
03/14/2017,$6.14,7399200
03/13/2017,$6.05,15760400
03/10/2017,$6.30,12197600
03/09/2017,$6.25,9594800
03/08/2017,$6.25,9521600
03/07/2017,$6.17,9258400
03/06/2017,$6.23,9102400
03/03/2017,$6.32,7311600
03/02/2017,$6.24,9901600
03/01/2017,$6.12,13366000
02/28/2017,$6.11,31031600
02/27/2017,$6.63,9205200
02/24/2017,$6.57,7966800
02/23/2017,$6.39,9848800
02/22/2017,$6.57,5510800
02/21/2017,$6.55,10881200
02/17/2017,$6.39,4966800
02/16/2017,$6.36,7183200
02/15/2017,$6.45,8586800
02/14/2017,$6.43,6170800
02/13/2017,$6.34,5883200
02/10/2017,$6.41,6084000
02/09/2017,$6.35,5953200
02/08/2017,$6.20,5553600
02/07/2017,$6.16,8718400
02/06/2017,$6.17,6818400
02/03/2017,$6.18,8970800
02/02/2017,$6.09,6607200
02/01/2017,$6.07,7011600
01/31/2017,$6.12,6387600
01/30/2017,$6.05,6925200
01/27/2017,$6.08,10677600
01/26/2017,$6.05,12641200
01/25/2017,$6.04,7550800
01/24/2017,$5.97,11402400
01/23/2017,$5.98,8745200
01/20/2017,$5.89,10264400
01/19/2017,$5.83,8009600
01/18/2017,$5.87,8723600
01/17/2017,$5.84,19933600
01/13/2017,$5.68,59295600
01/12/2017,$6.18,10572800
01/11/2017,$6.15,10173600
01/10/2017,$6.16,8972400
01/09/2017,$6.12,6586800
01/06/2017,$6.13,9334400
01/05/2017,$6.25,12150800
01/04/2017,$6.48,8977200
01/03/2017,$6.34,7765600
12/30/2016,$6.32,6991200
12/29/2016,$6.34,6859200
12/28/2016,$6.32,6864400
12/27/2016,$6.49,6384400
12/23/2016,$6.35,7910400
12/22/2016,$6.26,9186000
12/21/2016,$6.60,7517600
12/20/2016,$6.53,4126800
12/19/2016,$6.47,5266800
12/16/2016,$6.36,13533200
12/15/2016,$6.34,7859200
12/14/2016,$6.32,9493200
12/13/2016,$6.60,9597200
12/12/2016,$6.61,8584800
12/09/2016,$6.51,9806800
12/08/2016,$6.49,12400800
12/07/2016,$6.49,11197200
12/06/2016,$6.22,6032000
12/05/2016,$6.13,9341200
12/02/2016,$6.07,6291200
12/01/2016,$6.16,5762800
11/30/2016,$6.17,12769200
11/29/2016,$6.12,9284400
11/28/2016,$6.29,11262800
11/25/2016,$6.45,9253200
11/23/2016,$6.51,37507200
11/22/2016,$6.03,14966800
11/21/2016,$5.86,8942000
11/18/2016,$5.86,6716000
11/17/2016,$5.86,4574000
11/16/2016,$5.76,6833200
11/15/2016,$5.66,8867200
11/14/2016,$5.75,8301600
11/11/2016,$5.58,8789600
11/10/2016,$5.47,10095200
11/09/2016,$5.38,6962000
11/08/2016,$5.23,7536000
11/07/2016,$5.31,11527200
11/04/2016,$5.18,12305600
11/03/2016,$5.21,22239600
11/02/2016,$5.23,54613200
11/01/2016,$5.89,9996800
10/31/2016,$6.01,8604800
10/28/2016,$5.97,7484400
10/27/2016,$6.00,10813600
10/26/2016,$6.19,13295600
10/25/2016,$6.19,7639600
10/24/2016,$6.28,7494000
10/21/2016,$6.25,7012800
10/20/2016,$6.28,9061600
10/19/2016,$6.25,9329600
10/18/2016,$6.20,8277600
10/17/2016,$6.18,21926000
10/14/2016,$6.34,12544400
10/13/2016,$6.37,10721200
10/12/2016,$6.53,9787200
10/11/2016,$6.51,8568800
10/10/2016,$6.71,6398400
10/07/2016,$6.67,8581600
10/06/2016,$6.67,14990000
10/05/2016,$6.80,7764400
10/04/2016,$6.78,9382800
10/03/2016,$6.95,6501600
09/30/2016,$6.90,7155200
09/29/2016,$6.78,7032400
09/28/2016,$6.87,4665600
09/27/2016,$6.86,5772000
09/26/2016,$6.91,4299600
09/23/2016,$7.05,5480800
09/22/2016,$7.07,7161200
09/21/2016,$7.03,6654800
09/20/2016,$6.93,7460400
09/19/2016,$6.97,13399200
09/16/2016,$6.77,7688000
09/15/2016,$6.81,8842000
09/14/2016,$6.76,7417200
09/13/2016,$6.75,11301600
09/12/2016,$6.76,14428000
09/09/2016,$6.80,9941600
09/08/2016,$6.95,6915200
09/07/2016,$7.03,6064400
09/06/2016,$7.09,7776400
09/02/2016,$7.10,6760400
09/01/2016,$7.01,8379200
08/31/2016,$7.10,11312000
08/30/2016,$7.12,11436400
08/29/2016,$7.24,17622400
08/26/2016,$7.18,57973600
08/25/2016,$8.04,24669200
08/24/2016,$7.93,10861600
08/23/2016,$8.02,11361200
08/22/2016,$7.86,6687600
08/19/2016,$7.93,8659200
08/18/2016,$7.79,6320400
08/17/2016,$7.70,7049600
08/16/2016,$7.79,6347600
08/15/2016,$7.93,5720400
08/12/2016,$7.84,8584000
08/11/2016,$7.78,9911200
08/10/2016,$7.54,7001200
08/09/2016,$7.41,8990400
08/08/2016,$7.45,8176400
08/05/2016,$7.51,10449200
08/04/2016,$7.41,4826400
08/03/2016,$7.41,9440400
08/02/2016,$7.31,13682800
08/01/2016,$7.59,11550400
07/29/2016,$7.74,6389200
07/28/2016,$7.79,5687600
07/27/2016,$7.83,8732800
07/26/2016,$7.81,10084400
07/25/2016,$7.72,9008800
07/22/2016,$7.70,10361600
07/21/2016,$7.75,17460400
07/20/2016,$7.78,15084400
07/19/2016,$7.55,17436800
07/18/2016,$7.55,31168800
07/15/2016,$7.00,9874000
07/14/2016,$7.16,7988400
07/13/2016,$7.21,11811200
07/12/2016,$7.18,12093200
07/11/2016,$7.11,14266800
07/08/2016,$6.84,8416400
07/07/2016,$6.58,9082800
07/06/2016,$6.62,9961200
07/05/2016,$6.57,8564400
07/01/2016,$6.76,10530400
06/30/2016,$6.64,7436800
06/29/2016,$6.60,9941200
06/28/2016,$6.51,11523200
06/27/2016,$6.38,12242800
06/24/2016,$6.34,7372000
06/23/2016,$6.58,6074000
06/22/2016,$6.50,7146800
06/21/2016,$6.46,6278400
06/20/2016,$6.60,9122400
06/17/2016,$6.54,10379200
06/16/2016,$6.48,8923200
06/15/2016,$6.53,14506400
06/14/2016,$6.43,12596000
06/13/2016,$6.51,9326800
06/10/2016,$6.63,18088400
06/09/2016,$6.82,13588000
06/08/2016,$7.06,7681600
06/07/2016,$7.11,7284000
06/06/2016,$7.12,7820800
06/03/2016,$7.16,8838800
06/02/2016,$7.22,7872400
06/01/2016,$7.24,14889200
05/31/2016,$7.28,39743200
05/27/2016,$7.20,30238400
05/26/2016,$7.49,13702000
05/25/2016,$7.43,18447200
05/24/2016,$7.18,14090400
05/23/2016,$7.12,8022800
05/20/2016,$7.12,9317200
05/19/2016,$7.14,12570000
05/18/2016,$7.01,15548800
05/17/2016,$7.11,12189200
05/16/2016,$7.26,12104400
05/13/2016,$7.18,11854400
05/12/2016,$7.28,8598800
05/11/2016,$7.30,11997200
05/10/2016,$7.63,5274800
05/09/2016,$7.55,7538400
05/06/2016,$7.52,7822800
05/05/2016,$7.53,8590800
05/04/2016,$7.68,11483200
05/03/2016,$7.82,10560800
05/02/2016,$8.09,10590000
04/29/2016,$8.20,8473600
04/28/2016,$8.23,8579200
04/27/2016,$8.35,11343200
04/26/2016,$8.33,7961200
04/25/2016,$8.20,8251200
04/22/2016,$8.20,88882000
04/21/2016,$8.08,10325600
04/20/2016,$8.22,11016000
04/19/2016,$8.11,6650800
04/18/2016,$8.05,7128800
04/15/2016,$7.95,10342000
04/14/2016,$7.91,10259600
04/13/2016,$7.87,8691600
04/12/2016,$7.52,7840400
04/11/2016,$7.47,8181200
04/08/2016,$7.37,8490400
04/07/2016,$7.28,14695600
04/06/2016,$7.52,9206000
04/05/2016,$7.57,7004000
04/04/2016,$7.73,5967200
04/01/2016,$7.84,8540400
03/31/2016,$7.93,8376000
03/30/2016,$7.94,10088400
03/29/2016,$7.88,15210000
03/28/2016,$7.52,32988800
03/24/2016,$7.57,17952400
03/23/2016,$7.59,7876800
03/22/2016,$7.55,8700000
03/21/2016,$7.71,13434800
03/18/2016,$7.71,22170800
03/17/2016,$7.84,12200800
03/16/2016,$7.98,6249600
03/15/2016,$7.70,8111600
03/14/2016,$7.91,6921600
03/11/2016,$7.69,6477200
03/10/2016,$7.61,8197200
03/09/2016,$7.82,10378000
03/08/2016,$7.53,9314000
03/07/2016,$7.68,11321200
03/04/2016,$7.81,10121600
03/03/2016,$8.18,14196000
03/02/2016,$7.82,16452400
03/01/2016,$7.74,8520400
02/29/2016,$7.70,9401600
02/26/2016,$7.64,6775600
02/25/2016,$7.49,6115600
02/24/2016,$7.47,6416800
02/23/2016,$7.36,5059600
02/22/2016,$7.30,6722400
02/19/2016,$7.05,8530000
02/18/2016,$7.31,11048000
02/17/2016,$7.18,6689600
02/16/2016,$7.00,5744000
02/12/2016,$6.74,10327200
02/11/2016,$6.67,5918800
02/10/2016,$6.66,5480400
02/09/2016,$6.78,13147200
02/08/2016,$6.97,11779200
02/05/2016,$6.71,6183200
02/04/2016,$6.75,8000800
02/03/2016,$6.54,8893600
02/02/2016,$6.48,7362400
02/01/2016,$6.70,11149200
01/29/2016,$6.55,9271200
01/28/2016,$6.43,5595600
01/27/2016,$6.54,8011600
01/26/2016,$6.51,11076000
01/25/2016,$6.26,5780800
01/22/2016,$6.42,7054400
01/21/2016,$6.32,8473200
01/20/2016,$6.30,8945200
01/19/2016,$6.38,11138000
01/15/2016,$6.41,12750800
01/14/2016,$6.39,18357600
01/13/2016,$6.74,11686400
01/12/2016,$6.97,32357600
01/11/2016,$7.34,13026800
01/08/2016,$7.09,10796800
01/07/2016,$7.11,10651200
01/06/2016,$7.09,15025600
01/05/2016,$7.19,13666400
01/04/2016,$7.08,17321600
12/31/2015,$7.01,6784000
12/30/2015,$7.12,5753200
12/29/2015,$7.11,8161600
12/28/2015,$7.12,9301600
12/24/2015,$7.09,3476000
12/23/2015,$7.19,11113200
12/22/2015,$7.15,12263600
12/21/2015,$7.19,13672800
12/18/2015,$7.19,22410000
12/17/2015,$7.26,9117600
12/16/2015,$7.64,8740400
12/15/2015,$7.64,10153200
12/14/2015,$7.57,11758000
12/11/2015,$7.50,26372000
12/10/2015,$8.00,16325600
12/09/2015,$8.11,10329200
12/08/2015,$8.44,11211200
12/07/2015,$8.27,11792400
12/04/2015,$8.32,14113200
12/03/2015,$8.19,14872000
12/02/2015,$8.47,11470800
12/01/2015,$8.68,8725200
11/30/2015,$8.76,12892400
11/27/2015,$9.00,4770000
11/25/2015,$9.16,8231600
11/24/2015,$9.48,21452000
11/23/2015,$9.40,67735200
11/20/2015,$9.81,11176800
11/19/2015,$9.61,8218800
11/18/2015,$9.45,9136800
11/17/2015,$9.29,10395200
11/16/2015,$9.52,10280000
11/13/2015,$9.30,38060800
11/12/2015,$11.13,7546000
11/11/2015,$11.15,7525200
11/10/2015,$11.48,6072800
11/09/2015,$11.38,6093200
11/06/2015,$11.70,7676800
11/05/2015,$11.73,3947600
11/04/2015,$11.71,5235600
11/03/2015,$11.69,5713200
11/02/2015,$11.55,3821200
10/30/2015,$11.52,4879200
10/29/2015,$11.43,2984400
10/28/2015,$11.39,3632000
10/27/2015,$11.06,4584000
10/26/2015,$11.17,5856400
10/23/2015,$11.34,9208400
10/22/2015,$11.74,6262000
10/21/2015,$11.51,4631600
10/20/2015,$11.27,6144800
10/19/2015,$11.18,3046400
10/16/2015,$11.11,3594000
10/15/2015,$10.98,3522000
10/14/2015,$10.76,3027600
10/13/2015,$10.88,3242000
10/12/2015,$10.98,2991600
10/09/2015,$11.10,3824800
10/08/2015,$10.99,4536400
10/07/2015,$10.86,4901600
10/06/2015,$10.84,7518000
10/05/2015,$10.62,7671600
10/02/2015,$10.38,5966400
10/01/2015,$10.13,7833600
09/30/2015,$10.30,6866400
09/29/2015,$10.11,8432000
09/28/2015,$10.07,6852800
09/25/2015,$10.25,6662800
09/24/2015,$10.30,5456800
09/23/2015,$10.27,3140800
09/22/2015,$10.34,4002800
09/21/2015,$10.43,6620000
09/18/2015,$10.57,8250400
09/17/2015,$10.90,6796400
09/16/2015,$10.99,6159200
09/15/2015,$10.75,4498400
09/14/2015,$10.79,5638800
09/11/2015,$10.69,6061600
09/10/2015,$10.59,5733200
09/09/2015,$10.45,5874800
09/08/2015,$10.45,8708000
09/04/2015,$10.31,6127600
09/03/2015,$10.43,8372800
09/02/2015,$10.45,10147600
09/01/2015,$10.30,9354400
08/31/2015,$10.62,9861200
08/28/2015,$10.62,33722000
08/27/2015,$11.55,11679600
08/26/2015,$11.34,15134400
08/25/2015,$10.97,18920400
08/24/2015,$10.74,9250800
08/21/2015,$11.21,8100800
08/20/2015,$11.31,6032000
08/19/2015,$11.61,7016000
08/18/2015,$11.75,6476000
08/17/2015,$11.74,4342400
08/14/2015,$11.86,9747600
08/13/2015,$11.52,4406400
08/12/2015,$11.40,5104400
08/11/2015,$11.43,4988800
08/10/2015,$11.45,4864800
08/07/2015,$11.29,3788400
08/06/2015,$11.34,4446800
08/05/2015,$11.60,4967600
08/04/2015,$11.39,7212400
08/03/2015,$11.24,4821200
07/31/2015,$11.46,4383200
07/30/2015,$11.54,3734400
07/29/2015,$11.47,4004800
07/28/2015,$11.32,4929600
07/27/2015,$11.33,6295200
07/24/2015,$11.37,8122800
07/23/2015,$11.73,3849200
07/22/2015,$11.80,6506800
07/21/2015,$11.73,5106000
07/20/2015,$11.71,5273200
07/17/2015,$11.67,5317200
07/16/2015,$11.81,10452000
07/15/2015,$11.60,5383200
07/14/2015,$11.68,10610800
07/13/2015,$11.84,6607200
07/10/2015,$11.74,5966000
07/09/2015,$11.73,10862400
07/08/2015,$11.44,9792000
07/07/2015,$11.51,9638800
07/06/2015,$11.08,6026800
07/02/2015,$10.89,4818400
07/01/2015,$11.03,6925600
06/30/2015,$10.74,4470800
06/29/2015,$10.69,4458800
06/26/2015,$11.01,7603600
06/25/2015,$10.91,6468400
06/24/2015,$11.14,9687600
06/23/2015,$11.09,7034000
06/22/2015,$10.97,10163600
06/19/2015,$10.77,9357200
06/18/2015,$10.80,8083200
06/17/2015,$10.76,8661200
06/16/2015,$10.63,5532000
06/15/2015,$10.63,7436800
06/12/2015,$10.74,5338800
06/11/2015,$10.75,7231600
06/10/2015,$10.71,7138800
06/09/2015,$10.73,5136800
06/08/2015,$10.76,5908000
06/05/2015,$11.03,5970000
06/04/2015,$11.01,7472000
06/03/2015,$10.93,7961200
06/02/2015,$10.99,9230000
06/01/2015,$10.87,13171200
05/29/2015,$10.85,34731200
05/28/2015,$10.23,15432800
05/27/2015,$9.87,7198800
05/26/2015,$10.05,4948400
05/22/2015,$10.20,4556400
05/21/2015,$10.19,5148000
05/20/2015,$10.03,4026000
05/19/2015,$10.08,4007600
05/18/2015,$10.06,4638800
05/15/2015,$10.02,5546800
05/14/2015,$9.79,2988800
05/13/2015,$9.80,6279200
05/12/2015,$9.76,5334400
05/11/2015,$9.94,4075600
05/08/2015,$10.05,4222000
05/07/2015,$9.88,6820400
05/06/2015,$9.78,5807600
05/05/2015,$10.01,4387600
05/04/2015,$10.03,3512000
05/01/2015,$9.79,3079200
04/30/2015,$9.64,4542800
04/29/2015,$9.83,4985200
04/28/2015,$10.10,3791200
04/27/2015,$10.07,4195200
04/24/2015,$10.18,3487200
04/23/2015,$10.08,3466400
04/22/2015,$10.06,3904400
04/21/2015,$10.02,5508000
04/20/2015,$10.08,5238400
04/17/2015,$9.91,6248400
04/16/2015,$10.23,5828800
04/15/2015,$10.22,9188400
04/14/2015,$10.10,5990400
04/13/2015,$10.10,7375600
04/10/2015,$10.10,5076000
04/09/2015,$10.00,7646400
04/08/2015,$9.68,6596800
04/07/2015,$9.49,5328400
04/06/2015,$9.59,5935600
04/02/2015,$9.55,4690400
04/01/2015,$9.44,9859600
03/31/2015,$9.49,8458800
03/30/2015,$9.42,11960400
03/27/2015,$9.59,21983200
03/26/2015,$9.70,19414000
03/25/2015,$9.95,8285200
03/24/2015,$10.23,10312000
03/23/2015,$10.34,7013600
03/20/2015,$10.23,9629200
03/19/2015,$10.20,3588400
03/18/2015,$10.28,4463200
03/17/2015,$10.23,3508000
03/16/2015,$10.27,4221200
03/13/2015,$10.18,7166400
03/12/2015,$9.92,4531600
03/11/2015,$9.87,7636400
03/10/2015,$10.16,5972400
03/09/2015,$10.21,6152400
03/06/2015,$10.04,4742000
03/05/2015,$10.00,4857200
03/04/2015,$10.01,8379200
03/03/2015,$9.67,4709600
03/02/2015,$9.67,9590000
02/27/2015,$9.24,5850800
02/26/2015,$9.26,4559200
02/25/2015,$9.32,4074000
02/24/2015,$9.28,3007200
02/23/2015,$9.34,4601600
02/20/2015,$9.37,5183600
02/19/2015,$9.38,3096000
02/18/2015,$9.38,4199600
02/17/2015,$9.34,5420400
02/13/2015,$9.34,6658800
02/12/2015,$9.31,4923600
02/11/2015,$9.38,5919200
02/10/2015,$9.51,9737600
02/09/2015,$9.30,6226000
02/06/2015,$9.19,5929200
02/05/2015,$9.18,5452400
02/04/2015,$9.16,8152400
02/03/2015,$9.38,5846400
02/02/2015,$9.21,9705200
01/30/2015,$8.81,12139200
01/29/2015,$9.07,13562400
01/28/2015,$9.40,11009200
01/27/2015,$9.57,8028000
01/26/2015,$9.54,9706000
01/23/2015,$9.35,7202000
01/22/2015,$9.28,8621200
01/21/2015,$9.21,11862400
01/20/2015,$9.02,18146400
01/16/2015,$9.09,17027200
01/15/2015,$8.61,20556800
01/14/2015,$9.05,29746400
01/13/2015,$8.19,11729200
01/12/2015,$8.44,14482000
01/09/2015,$8.07,16299600
01/08/2015,$8.42,18189600
01/07/2015,$8.32,10233200
01/06/2015,$8.42,19540400
01/05/2015,$8.68,19739600
01/02/2015,$8.45,6450800
12/31/2014,$8.45,6459200
12/30/2014,$8.46,8536400
12/29/2014,$8.41,9599600
12/26/2014,$8.41,15397600
12/24/2014,$8.35,10998400
12/23/2014,$8.66,15212400
12/22/2014,$8.53,20784800
12/19/2014,$8.63,18333200
12/18/2014,$8.27,13588800
12/17/2014,$8.17,14442400
12/16/2014,$7.98,17685600
12/15/2014,$8.23,17962400
12/12/2014,$8.07,23647600
12/11/2014,$8.48,20112000
12/10/2014,$8.33,21374000
12/09/2014,$8.89,20448400
12/08/2014,$8.80,18082800
12/05/2014,$9.35,11269200
12/04/2014,$9.27,12595600
12/03/2014,$9.15,18127200
12/02/2014,$8.89,14692400
12/01/2014,$8.96,27137200
11/28/2014,$9.45,7681600
11/26/2014,$9.30,10280000
11/25/2014,$9.35,20687200
11/24/2014,$9.44,31472800
11/21/2014,$9.47,75044400
11/20/2014,$10.97,23846000
11/19/2014,$10.90,15128400
11/18/2014,$11.01,8024400
11/17/2014,$11.02,8082800
11/14/2014,$11.10,11161200
11/13/2014,$11.11,12180400
11/12/2014,$10.85,9143200
11/11/2014,$10.63,7190000
11/10/2014,$10.69,15391600
11/07/2014,$10.92,9416400
11/06/2014,$11.18,12739600
11/05/2014,$10.76,5540000
11/04/2014,$10.68,5909600
11/03/2014,$10.68,6033600
10/31/2014,$10.69,11985200
10/30/2014,$10.52,5934800
10/29/2014,$10.38,6072400
10/28/2014,$10.26,16464800
10/27/2014,$10.45,8297200
10/24/2014,$10.51,7592800
10/23/2014,$10.31,5678800
10/22/2014,$10.15,6621200
10/21/2014,$10.18,9868400
10/20/2014,$10.16,12018000
10/17/2014,$9.97,16314400
10/16/2014,$9.81,15447600
10/15/2014,$9.61,14822800
10/14/2014,$9.30,12075200
10/13/2014,$9.30,9831200
10/10/2014,$9.58,12431200
10/09/2014,$9.57,9502400
10/08/2014,$9.91,10581600
10/07/2014,$9.75,10106400
10/06/2014,$9.89,9934400
10/03/2014,$10.11,7416400
10/02/2014,$10.22,10038000
10/01/2014,$10.10,9305600
09/30/2014,$10.30,8336000
09/29/2014,$10.52,5400000
09/26/2014,$10.51,6391200
09/25/2014,$10.52,8304000
09/24/2014,$10.79,8474800
09/23/2014,$10.60,5280000
09/22/2014,$10.85,5281200
09/19/2014,$10.85,9978400
09/18/2014,$11.06,7438400
09/17/2014,$11.01,8987600
09/16/2014,$11.21,10979200
09/15/2014,$10.88,4722400
09/12/2014,$10.90,6821600
09/11/2014,$10.99,7767600
09/10/2014,$10.78,8990400
09/09/2014,$10.79,10428400
09/08/2014,$11.07,7970000
09/05/2014,$11.31,11084800
09/04/2014,$11.11,9081200
09/03/2014,$10.88,6695600
09/02/2014,$10.94,12292800
08/29/2014,$10.55,7246400
08/28/2014,$10.79,7231600
08/27/2014,$10.75,4411200
08/26/2014,$10.69,9614800
08/25/2014,$10.60,13844400
08/22/2014,$10.73,34313200
08/21/2014,$10.12,19876000
08/20/2014,$10.33,9188000
08/19/2014,$10.22,8368000
08/18/2014,$10.16,10640800
08/15/2014,$9.91,17036400
08/14/2014,$10.46,8917600
08/13/2014,$10.34,5554000
08/12/2014,$10.23,6754400
08/11/2014,$10.41,5984000
08/08/2014,$10.18,7065200
08/07/2014,$10.22,4842000
08/06/2014,$10.38,6443600
08/05/2014,$10.33,6903200
08/04/2014,$10.42,10934000
08/01/2014,$10.31,9872000
07/31/2014,$10.49,9102800
07/30/2014,$10.78,21596000
07/29/2014,$10.86,50204800
07/28/2014,$11.52,6551600
07/25/2014,$11.42,5972800
07/24/2014,$11.52,17061600
07/23/2014,$11.18,16192400
07/22/2014,$11.02,10909600
07/21/2014,$10.71,10919200
07/18/2014,$10.71,15965200
07/17/2014,$10.31,9124000
07/16/2014,$10.39,5677600
07/15/2014,$10.26,7142000
07/14/2014,$10.44,5525600
07/11/2014,$10.31,7210400
07/10/2014,$10.44,8253200
07/09/2014,$10.45,10606400
07/08/2014,$10.41,10330000
07/07/2014,$10.40,5614000
07/03/2014,$10.44,4632400
07/02/2014,$10.22,6895200
07/01/2014,$10.13,6431600
06/30/2014,$10.12,6017600
06/27/2014,$10.09,11698400
06/26/2014,$10.14,7635600
06/25/2014,$10.05,8234800
06/24/2014,$10.06,7699200
06/23/2014,$10.10,6448000
06/20/2014,$10.03,11714800
06/19/2014,$9.99,9364800
06/18/2014,$10.00,11353600
06/17/2014,$10.07,20228400
06/16/2014,$9.43,7273600
06/13/2014,$9.25,7460400
06/12/2014,$9.07,10489600
06/11/2014,$9.44,13596800
06/10/2014,$9.32,8293200
06/09/2014,$9.13,7674000
06/06/2014,$9.32,7308000
06/05/2014,$9.17,6580400
06/04/2014,$9.31,7606400
06/03/2014,$9.14,11521600
06/02/2014,$9.14,8949200
05/30/2014,$9.46,9635600
05/29/2014,$9.54,9859200
05/28/2014,$9.55,11018400
05/27/2014,$9.32,12504400
05/23/2014,$9.61,24071600
05/22/2014,$9.22,16339200
05/21/2014,$9.23,10674800
05/20/2014,$9.11,13653200
05/19/2014,$9.24,14664400
05/16/2014,$9.06,7777600
05/15/2014,$8.97,9629600
05/14/2014,$9.11,8714400
05/13/2014,$9.46,10346400
05/12/2014,$9.20,7760800
05/09/2014,$9.14,7016400
05/08/2014,$9.01,11555200
05/07/2014,$8.96,22162400
05/06/2014,$9.41,9692000
05/05/2014,$9.54,11861600
05/02/2014,$9.98,7522800
05/01/2014,$9.81,8942000
04/30/2014,$9.92,8044800
04/29/2014,$10.09,7624000
04/28/2014,$10.09,7139200
04/25/2014,$9.84,6581200
04/24/2014,$10.05,8976800
04/23/2014,$9.98,14692800
04/22/2014,$10.57,11579600
04/21/2014,$10.24,7421200
04/17/2014,$10.37,9644000
04/16/2014,$10.19,8252000
04/15/2014,$10.36,14148800
04/14/2014,$10.29,13408800
04/11/2014,$10.13,13264400
04/10/2014,$10.30,23130400
04/09/2014,$10.80,13522800
04/08/2014,$10.94,15609600
04/07/2014,$10.88,16592400
04/04/2014,$10.71,27134000
04/03/2014,$11.10,21476000
04/02/2014,$10.84,18085600
04/01/2014,$10.65,17088400
03/31/2014,$10.27,16544000
03/28/2014,$10.15,29237200
03/27/2014,$9.33,42473200
03/26/2014,$9.73,22553600
03/25/2014,$9.45,12698400
03/24/2014,$9.53,12948000
03/21/2014,$9.45,11760000
03/20/2014,$9.61,8980000
03/19/2014,$9.40,11680800
03/18/2014,$9.60,30610000
03/17/2014,$9.94,11348800
03/14/2014,$9.74,16728400
03/13/2014,$9.28,12641200
03/12/2014,$9.63,8959200
03/11/2014,$9.62,8839200
03/10/2014,$9.63,9502000
03/07/2014,$9.63,8106400
03/06/2014,$9.67,11832800
03/05/2014,$9.69,15731200
03/04/2014,$9.34,6133200
03/03/2014,$9.30,6933200
02/28/2014,$9.33,8571200
02/27/2014,$9.31,11474800
02/26/2014,$9.52,13794400
02/25/2014,$9.62,27935600
02/24/2014,$9.01,11340800
02/21/2014,$8.89,10791600
02/20/2014,$8.91,8972800
02/19/2014,$8.90,14306800
02/18/2014,$9.03,10734000
02/14/2014,$8.90,13072400
02/13/2014,$8.97,15523200
02/12/2014,$9.13,13958800
02/11/2014,$8.94,23831200
02/10/2014,$9.10,17729600
02/07/2014,$8.88,13534000
02/06/2014,$8.84,10514400
02/05/2014,$8.69,17794800
02/04/2014,$8.49,22790000
02/03/2014,$8.46,26290000
01/31/2014,$8.77,17035200
01/30/2014,$8.83,16910800
01/29/2014,$8.77,19112000
01/28/2014,$9.01,18165200
01/27/2014,$9.33,15472400
01/24/2014,$9.13,21522400
01/23/2014,$9.56,19949200
01/22/2014,$9.81,15303200
01/21/2014,$9.55,24843200
01/17/2014,$9.41,25863200
01/16/2014,$9.44,34463600
01/15/2014,$9.24,33702400
01/14/2014,$9.08,94026800
01/13/2014,$11.33,17146000
01/10/2014,$11.38,8870000
01/09/2014,$11.24,15887200
01/08/2014,$11.34,29900800
01/07/2014,$11.03,60224000
01/06/2014,$12.04,11595600
01/03/2014,$12.31,5271200
01/02/2014,$12.41,11337200
12/31/2013,$12.31,6984400
12/30/2013,$12.32,7888400
12/27/2013,$12.26,8428800
12/26/2013,$12.59,6075200
12/24/2013,$12.74,4603200
12/23/2013,$12.63,7376000
12/20/2013,$12.31,11484000
12/19/2013,$12.47,9278400
12/18/2013,$12.48,14142000
12/17/2013,$12.24,11594800
12/16/2013,$12.03,14051600
12/13/2013,$11.82,19215600
12/12/2013,$11.40,11870000
12/11/2013,$11.30,11872800
12/10/2013,$11.44,13598000
12/09/2013,$11.40,17645600
12/06/2013,$11.27,15780800
12/05/2013,$11.28,17945200
12/04/2013,$11.44,18393600
12/03/2013,$11.49,32862800
12/02/2013,$11.74,16794000
11/29/2013,$12.06,9180800
11/27/2013,$11.94,14298800
11/26/2013,$12.06,18137200
11/25/2013,$12.23,22014000
11/22/2013,$12.47,20955200
11/21/2013,$12.20,58424000
11/20/2013,$13.11,16545600
11/19/2013,$13.30,12419200
11/18/2013,$13.76,10570400
11/15/2013,$14.13,11509600
11/14/2013,$14.36,6816000
11/13/2013,$14.40,7041600
11/12/2013,$14.24,9398800
11/11/2013,$13.85,6014000
11/08/2013,$13.87,5989600
11/07/2013,$13.45,9811600
11/06/2013,$14.01,6945600
11/05/2013,$14.14,10962800
11/04/2013,$13.82,5709600
11/01/2013,$13.76,9355600
10/31/2013,$13.70,7030800
10/30/2013,$13.81,5788000
10/29/2013,$13.86,7617600
10/28/2013,$13.60,4799600
10/25/2013,$13.72,3676400
10/24/2013,$13.70,4599200
10/23/2013,$13.62,5396000
10/22/2013,$13.69,7547600
10/21/2013,$13.66,6783600
10/18/2013,$13.47,6705600
10/17/2013,$13.17,6847200
10/16/2013,$12.91,7542800
10/15/2013,$12.82,7324400
10/14/2013,$12.94,4960000
10/11/2013,$12.89,6244000
10/10/2013,$12.97,12719200
10/09/2013,$12.51,6132800
10/08/2013,$12.33,7138400
10/07/2013,$12.40,4756000
10/04/2013,$12.68,5106800
10/03/2013,$12.45,5899200
10/02/2013,$12.58,5959600
10/01/2013,$12.80,10804400
09/30/2013,$12.41,7489200
09/27/2013,$12.41,5275200
09/26/2013,$12.61,5015200
09/25/2013,$12.70,6532000
09/24/2013,$12.76,7662000
09/23/2013,$12.45,8452400
09/20/2013,$12.36,14769200
09/19/2013,$12.96,5529200
09/18/2013,$12.85,8842400
09/17/2013,$13.15,8488400
09/16/2013,$13.03,7050000
09/13/2013,$13.11,11580000
09/12/2013,$12.36,4783200
09/11/2013,$12.39,5350000
09/10/2013,$12.59,4505600
09/09/2013,$12.52,7003600
09/06/2013,$12.40,7304800
09/05/2013,$12.80,6313200
09/04/2013,$12.41,7009600
09/03/2013,$12.49,5745200
08/30/2013,$12.55,8118800
08/29/2013,$12.66,5702000
08/28/2013,$12.48,8990400
08/27/2013,$12.34,10185200
08/26/2013,$13.10,9117600
08/23/2013,$12.90,9461200
08/22/2013,$12.98,40547600
08/21/2013,$11.90,6636000
08/20/2013,$12.06,7826000
08/19/2013,$11.93,6885600
08/16/2013,$11.90,6299200
08/15/2013,$11.92,5038800
08/14/2013,$12.17,5108000
08/13/2013,$12.31,6287600
08/12/2013,$12.37,5619600
08/09/2013,$12.24,6906000
08/08/2013,$12.12,11133200
08/07/2013,$11.97,14761600
08/06/2013,$12.25,14586400
08/05/2013,$12.57,10920400
08/02/2013,$12.60,15702000
08/01/2013,$12.49,16776400
07/31/2013,$12.27,18825200
07/30/2013,$11.73,10822800
07/29/2013,$11.35,7770800
07/26/2013,$11.45,10391600
07/25/2013,$11.10,7434800
07/24/2013,$10.81,10179600
07/23/2013,$10.60,7554400
07/22/2013,$10.76,4352000
07/19/2013,$10.86,6703200
07/18/2013,$10.91,3755200
07/17/2013,$10.87,7836800
07/16/2013,$10.96,14174000
07/15/2013,$10.87,7650800
07/12/2013,$10.79,7475200
07/11/2013,$10.65,8972000
07/10/2013,$10.60,7175200
07/09/2013,$10.67,6728800
07/08/2013,$10.66,9387200
07/05/2013,$10.75,4302400
07/03/2013,$10.60,2504000
07/02/2013,$10.54,10888400
07/01/2013,$10.55,7224400
06/28/2013,$10.51,13968400
06/27/2013,$10.22,8042400
06/26/2013,$10.10,10692800
06/25/2013,$10.02,12790000
06/24/2013,$9.98,16722400
06/21/2013,$10.19,24414800
06/20/2013,$10.23,34425600
06/19/2013,$9.63,6960000
06/18/2013,$9.61,6765600
06/17/2013,$9.63,9991600
06/14/2013,$9.75,24263600
06/13/2013,$9.38,13186000
06/12/2013,$9.15,14868800
06/11/2013,$9.43,35602800
06/10/2013,$8.75,17507200
06/07/2013,$9.19,28413200
06/06/2013,$8.65,16494400
06/05/2013,$8.72,17047600
06/04/2013,$8.87,26521200
06/03/2013,$8.60,19293600
05/31/2013,$8.29,13592000
05/30/2013,$8.38,16263600
05/29/2013,$7.95,8894400
05/28/2013,$7.93,19694800
05/24/2013,$8.03,55468800
05/23/2013,$9.00,33572800
05/22/2013,$9.06,25998400
05/21/2013,$9.19,34144800
05/20/2013,$9.69,10988400
05/17/2013,$9.94,15209200
05/16/2013,$9.51,9675600
05/15/2013,$9.75,7657600
05/14/2013,$9.66,9750800
05/13/2013,$9.57,11100800
05/10/2013,$9.60,9331200
05/09/2013,$9.27,13998400
05/08/2013,$9.28,12584800
05/07/2013,$9.32,12170000
05/06/2013,$9.30,8249600
05/03/2013,$9.29,10840400
05/02/2013,$9.08,8562800
05/01/2013,$8.69,7445200
04/30/2013,$8.73,12765600
04/29/2013,$8.64,9066000
04/26/2013,$8.65,7236800
04/25/2013,$8.56,11951200
04/24/2013,$8.56,12242400
04/23/2013,$8.30,11824000
04/22/2013,$8.13,12639600
04/19/2013,$8.18,12038000
04/18/2013,$8.17,18770400
04/17/2013,$8.19,18656400
04/16/2013,$8.07,11226800
04/15/2013,$7.84,11366800
04/12/2013,$8.01,11446800
04/11/2013,$7.92,25042000
04/10/2013,$7.48,11600000
04/09/2013,$7.47,9748000
04/08/2013,$7.57,11594000
04/05/2013,$7.49,11217200
04/04/2013,$7.47,17995200
04/03/2013,$7.56,18020400
04/02/2013,$7.56,16349200
04/01/2013,$7.44,28086000
03/28/2013,$6.99,39372800
03/27/2013,$6.61,12135200
03/26/2013,$6.59,14184000
03/25/2013,$6.34,8667600
03/22/2013,$6.41,4812800
03/21/2013,$6.31,7572000
03/20/2013,$6.36,7318400
03/19/2013,$6.31,5177200
03/18/2013,$6.43,5818000
03/15/2013,$6.36,10422800
03/14/2013,$6.35,6496000
03/13/2013,$6.41,5648400
03/12/2013,$6.37,6461200
03/11/2013,$6.32,8355600
03/08/2013,$6.17,5762400
03/07/2013,$6.14,5027600
03/06/2013,$6.10,8697600
03/05/2013,$6.07,13888000
03/04/2013,$5.89,13199200
03/01/2013,$6.01,14103600
02/28/2013,$6.26,10794400
02/27/2013,$6.31,13807200
02/26/2013,$6.20,10722000
02/25/2013,$6.15,6154800
02/22/2013,$6.20,10165600
02/21/2013,$6.18,16028800
02/20/2013,$6.33,9223600
02/19/2013,$6.38,13305200
02/15/2013,$6.34,12339200
02/14/2013,$6.44,6522800
02/13/2013,$6.51,10458400
02/12/2013,$6.46,13946800
02/11/2013,$6.55,11470400
02/08/2013,$6.51,13020800
02/07/2013,$6.35,11059600
02/06/2013,$6.30,39911200
02/05/2013,$6.70,23107200
02/04/2013,$6.31,17586400
02/01/2013,$6.17,17624800
01/31/2013,$5.80,20644000
01/30/2013,$5.91,8915600
01/29/2013,$6.01,9616400
01/28/2013,$5.95,6575600
01/25/2013,$5.93,8050400
01/24/2013,$5.87,9199200
01/23/2013,$5.79,7164800
01/22/2013,$5.83,7628400
01/18/2013,$5.82,8466000
01/17/2013,$5.87,10398400
01/16/2013,$5.77,10560000
01/15/2013,$5.79,11430000
01/14/2013,$5.75,14018800
01/11/2013,$5.81,21068400
01/10/2013,$5.70,15601200
01/09/2013,$5.65,17327600
01/08/2013,$5.80,44524800
01/07/2013,$6.19,15935600
01/04/2013,$6.20,16160000
01/03/2013,$6.09,42571200
01/02/2013,$6.41,19592400
12/31/2012,$6.27,8393600
12/28/2012,$6.13,5726000
12/27/2012,$6.17,9706800
12/26/2012,$6.22,8402400
12/24/2012,$6.39,2161600
12/21/2012,$6.39,14838000
12/20/2012,$6.53,17246400
12/19/2012,$6.89,17166000
12/18/2012,$6.93,13050400
12/17/2012,$6.88,9475200
12/14/2012,$6.88,10138000
12/13/2012,$6.90,17790000
12/12/2012,$6.96,11078000
12/11/2012,$6.93,9984800
12/10/2012,$6.86,10475600
12/07/2012,$6.82,10037200
12/06/2012,$6.66,9926800
12/05/2012,$6.49,11141200
12/04/2012,$6.47,14253200
12/03/2012,$6.46,9694400
11/30/2012,$6.56,10282000
11/29/2012,$6.55,10922800
11/28/2012,$6.61,14475600
11/27/2012,$6.67,12588400
11/26/2012,$6.70,9468400
11/23/2012,$6.77,10151600
11/21/2012,$6.77,22854400
11/20/2012,$6.62,11994400
11/19/2012,$6.48,23256000
11/16/2012,$6.39,29376000
11/15/2012,$6.13,43767600
11/14/2012,$5.87,25697200
11/13/2012,$5.82,13159200
11/12/2012,$5.77,11094400
11/09/2012,$5.53,13927200
11/08/2012,$5.63,11655200
11/07/2012,$5.85,7892400
11/06/2012,$5.98,5580400
11/05/2012,$5.93,7708400
11/02/2012,$5.95,9767600
11/01/2012,$5.90,6469200
10/31/2012,$5.71,7060400
10/26/2012,$5.75,9349200
10/25/2012,$5.93,8462800
10/24/2012,$5.82,11906400
10/23/2012,$5.78,10731200
10/22/2012,$5.80,6562000
10/19/2012,$5.78,9161200
10/18/2012,$5.86,9088000
10/17/2012,$5.74,6500000
10/16/2012,$5.74,5444000
10/15/2012,$5.70,7262400
10/12/2012,$5.69,9075600
10/11/2012,$5.72,16682800
10/10/2012,$5.74,14328800
10/09/2012,$6.00,19618400
10/08/2012,$5.81,11357600
10/05/2012,$5.77,16248000
10/04/2012,$5.59,14410400
10/03/2012,$5.32,8414400
10/02/2012,$5.33,11360000
10/01/2012,$5.31,10143600
09/28/2012,$5.25,12090400
09/27/2012,$5.23,7704400
09/26/2012,$5.28,15690800
09/25/2012,$5.22,18663200
09/24/2012,$5.53,11012000
09/21/2012,$5.57,13615600
09/20/2012,$5.68,7367600
09/19/2012,$5.71,11372800
09/18/2012,$5.61,7451200
09/17/2012,$5.57,13833600
09/14/2012,$5.79,15521600
09/13/2012,$5.59,11631600
09/12/2012,$5.52,8313200
09/11/2012,$5.44,12690000
09/10/2012,$5.40,13571200
09/07/2012,$5.41,13737600
09/06/2012,$5.26,13804400
09/05/2012,$5.14,17060000
09/04/2012,$5.10,28348800
08/31/2012,$4.77,15605600
08/30/2012,$4.79,13877200
08/29/2012,$4.65,14051600
08/28/2012,$4.53,8153200
08/27/2012,$4.54,8438000
08/24/2012,$4.61,12168800
08/23/2012,$4.72,10826000
08/22/2012,$4.70,18076400
08/21/2012,$4.87,20158400
08/20/2012,$4.87,27220800
08/17/2012,$4.64,24764000
08/16/2012,$4.49,44530800
08/15/2012,$4.26,18440000
08/14/2012,$4.32,20002400
08/13/2012,$4.47,21730400
08/10/2012,$4.43,18812000
08/09/2012,$4.21,6773200
08/08/2012,$4.18,5980000
08/07/2012,$4.20,11186400
08/06/2012,$4.00,10794000
08/03/2012,$3.97,9270800
08/02/2012,$3.94,15403600
08/01/2012,$4.02,30748800
07/31/2012,$4.01,6473600
07/30/2012,$4.01,7613600
07/27/2012,$4.03,7937200
07/26/2012,$3.99,9646400
07/25/2012,$3.94,10493600
07/24/2012,$3.93,15271200
07/23/2012,$4.03,8456400
07/20/2012,$4.07,7732400
07/19/2012,$4.20,10988800
07/18/2012,$4.22,7468000
07/17/2012,$4.18,6441600
07/16/2012,$4.14,11256400
07/13/2012,$4.21,11265200
07/12/2012,$4.28,8160400
07/11/2012,$4.30,10302400
07/10/2012,$4.39,7181200
07/09/2012,$4.38,11924000
07/06/2012,$4.53,6242400
07/05/2012,$4.57,6496000
07/03/2012,$4.59,5462400
07/02/2012,$4.49,8324800
06/29/2012,$4.59,14131200
06/28/2012,$4.45,6937200
06/27/2012,$4.45,8732000
06/26/2012,$4.37,8789600
06/25/2012,$4.30,10786400
06/22/2012,$4.42,14879600
06/21/2012,$4.39,11077200
06/20/2012,$4.53,9554000
06/19/2012,$4.59,14520800
06/18/2012,$4.55,13329200
06/15/2012,$4.46,33386400
06/14/2012,$4.43,34551200
06/13/2012,$4.53,11235600
06/12/2012,$4.64,16974400
06/11/2012,$4.57,12740000
06/08/2012,$4.76,9390800
06/07/2012,$4.70,18900000
06/06/2012,$4.84,11188400
06/05/2012,$4.89,8927200
06/04/2012,$4.80,14632400
06/01/2012,$4.80,14711600
05/31/2012,$4.80,11325600
05/30/2012,$4.91,26932000
05/29/2012,$4.93,10799200
05/25/2012,$4.88,12567200
05/24/2012,$4.79,19172800
05/23/2012,$4.77,22000000
05/22/2012,$4.76,14009200
05/21/2012,$4.74,19206400
05/18/2012,$4.77,19713200
05/17/2012,$4.63,48078800
05/16/2012,$5.21,13711600
05/15/2012,$5.16,12344400
05/14/2012,$5.22,12568800
05/11/2012,$5.08,20427200
05/10/2012,$5.27,10103600
05/09/2012,$5.23,16157600
05/08/2012,$5.28,17536000
05/07/2012,$5.27,11707600
05/04/2012,$5.46,7302000
05/03/2012,$5.62,10063600
05/02/2012,$5.69,6326800
05/01/2012,$5.72,12510000
04/30/2012,$5.69,6708400
04/27/2012,$5.67,10965200
04/26/2012,$5.64,6651600
04/25/2012,$5.64,8114000
04/24/2012,$5.57,14316400
04/23/2012,$5.59,11351200
04/20/2012,$5.59,12587200
04/19/2012,$5.57,14128400
04/18/2012,$5.57,15372800
04/17/2012,$5.54,16022400
04/16/2012,$5.43,13710000
04/13/2012,$5.31,8956000
04/12/2012,$5.39,8414800
04/11/2012,$5.32,19562000
04/10/2012,$5.36,11930400
04/09/2012,$5.46,10108000
04/05/2012,$5.43,11237600
04/04/2012,$5.49,11406000
04/03/2012,$5.51,15712400
04/02/2012,$5.61,20012000
03/30/2012,$5.46,19977200
03/29/2012,$5.65,35629600
03/28/2012,$5.87,12501600
03/27/2012,$5.94,8856400
03/26/2012,$5.95,12685600
03/23/2012,$5.91,15335600
03/22/2012,$5.79,44606800
03/21/2012,$6.17,17963600
03/20/2012,$6.00,14239600
03/19/2012,$5.99,14823600
03/16/2012,$5.89,15375600
03/15/2012,$5.95,11116400
03/14/2012,$5.88,13883200
03/13/2012,$5.95,13164000
03/12/2012,$5.94,8457200
03/09/2012,$5.97,20076800
03/08/2012,$6.05,13078400
03/07/2012,$5.97,9006400
03/06/2012,$5.95,6191200
03/05/2012,$6.04,20442400
03/02/2012,$5.97,15591200
03/01/2012,$5.96,19594000
02/29/2012,$5.70,12888400
02/28/2012,$5.83,9181200
02/27/2012,$5.75,8053600
02/24/2012,$5.68,10578400
02/23/2012,$5.82,7327600
02/22/2012,$5.74,9381600
02/21/2012,$5.82,8568000
02/17/2012,$5.80,7900000
02/16/2012,$5.76,11904800
02/15/2012,$5.70,14384400
02/14/2012,$5.74,15697200
02/13/2012,$5.74,22461200
02/10/2012,$5.72,32256400
02/09/2012,$6.02,15364800
02/08/2012,$6.12,34136000
02/07/2012,$5.93,11467200
02/06/2012,$5.85,14635600
02/03/2012,$5.91,10115200
02/02/2012,$5.82,13637600
02/01/2012,$5.83,13552000
01/31/2012,$5.84,17175200
01/30/2012,$5.93,21557600
01/27/2012,$6.08,13709200
01/26/2012,$6.18,24179200
01/25/2012,$6.25,10460400
01/24/2012,$6.19,6417600
01/23/2012,$6.19,6712000
01/20/2012,$6.14,10272800
01/19/2012,$6.21,13097200
01/18/2012,$6.01,9771600
01/17/2012,$5.81,11883600
01/13/2012,$5.88,16946400
01/12/2012,$6.05,12018400
01/11/2012,$6.09,14062000
01/10/2012,$6.06,15462400
01/09/2012,$6.00,27824000
01/06/2012,$6.22,15113600
01/05/2012,$6.32,14776000
01/04/2012,$6.03,8317600
01/03/2012,$5.95,10252800
12/30/2011,$6.03,4189200
12/29/2011,$6.09,5242800
12/28/2011,$6.02,7046000
12/27/2011,$5.98,4909200
12/23/2011,$5.98,6116400
12/22/2011,$5.95,7314800
12/21/2011,$5.89,5641600
12/20/2011,$5.87,7109600
12/19/2011,$5.67,8103200
12/16/2011,$5.84,10618800
12/15/2011,$5.93,13529200
12/14/2011,$5.87,13432000
12/13/2011,$6.02,16990800
12/12/2011,$6.18,16758800
12/09/2011,$6.05,13990400
12/08/2011,$5.89,12201600
12/07/2011,$5.92,14136800
12/06/2011,$5.84,8608400
12/05/2011,$5.92,10777600
12/02/2011,$5.80,8672400
12/01/2011,$5.84,9447600
11/30/2011,$5.78,13308800
11/29/2011,$5.69,19185200
11/28/2011,$5.59,13752000
11/25/2011,$5.38,7029200
11/23/2011,$5.53,15152000
11/22/2011,$5.61,15705200
11/21/2011,$5.68,22012800
11/18/2011,$5.61,24363600
11/17/2011,$5.48,28222800
11/16/2011,$5.63,46004000
11/15/2011,$5.89,28351600
11/14/2011,$6.16,12884400
11/11/2011,$6.29,9797200
11/10/2011,$6.15,13498800
11/09/2011,$6.23,7390400
11/08/2011,$6.41,7874000
11/07/2011,$6.36,7739200
11/04/2011,$6.42,10893200
11/03/2011,$6.46,10368400
11/02/2011,$6.28,13692400
11/01/2011,$6.26,15141600
10/31/2011,$6.39,15808400
10/28/2011,$6.55,12758000
10/27/2011,$6.48,10923200
10/26/2011,$6.26,17634000
10/25/2011,$6.40,14421600
10/24/2011,$6.39,18266000
10/21/2011,$6.26,18337600
10/20/2011,$6.26,7989600
10/19/2011,$6.22,11357600
10/18/2011,$6.24,14472400
10/17/2011,$6.06,23942800
10/14/2011,$6.29,11832000
10/13/2011,$6.30,10555600
10/12/2011,$6.41,24020400
10/11/2011,$6.23,11053600
10/10/2011,$6.14,13271600
10/07/2011,$6.08,16062800
10/06/2011,$6.01,15905200
10/05/2011,$5.97,12040400
10/04/2011,$5.95,15200000
10/03/2011,$5.74,19232800
09/30/2011,$5.78,10776400
09/29/2011,$6.00,12208000
09/28/2011,$5.88,9391200
09/27/2011,$5.97,10263200
09/26/2011,$5.90,8322000
09/23/2011,$5.63,10035200
09/22/2011,$5.65,15713600
09/21/2011,$5.86,12878800
09/20/2011,$5.99,10584800
09/19/2011,$6.06,12439600
09/16/2011,$6.22,13714000
09/15/2011,$6.16,18059600
09/14/2011,$5.98,14910800
09/13/2011,$5.79,11058800
09/12/2011,$5.80,16685600
09/09/2011,$5.78,15778400
09/08/2011,$5.73,9410400
09/07/2011,$5.80,12966000
09/06/2011,$5.70,16112800
09/02/2011,$5.54,10083200
09/01/2011,$5.76,10999200
08/31/2011,$5.98,17735600
08/30/2011,$5.84,14685200
08/29/2011,$5.78,15113600
08/26/2011,$5.70,12893600
08/25/2011,$5.63,14174800
08/24/2011,$5.84,20480800
08/23/2011,$5.64,20627200
08/22/2011,$5.40,22248400
08/19/2011,$5.39,32240000
08/18/2011,$5.36,56232000
08/17/2011,$5.11,21244800
08/16/2011,$5.35,14374800
08/15/2011,$5.24,14981200
08/12/2011,$5.18,17011600
08/11/2011,$5.36,11655200
08/10/2011,$5.14,15165200
08/09/2011,$5.34,19598000
08/08/2011,$5.14,23076800
08/05/2011,$5.53,29738800
08/04/2011,$5.47,23584400
08/03/2011,$5.71,19775200
08/02/2011,$5.73,18875600
08/01/2011,$5.78,13510000
07/29/2011,$5.89,13779600
07/28/2011,$5.89,16191600
07/27/2011,$5.88,16062000
07/26/2011,$5.94,9678400
07/25/2011,$5.91,13225200
07/22/2011,$5.87,11617200
07/21/2011,$5.83,17092400
07/20/2011,$5.82,14250000
07/19/2011,$5.93,13097600
07/18/2011,$5.86,22974800
07/15/2011,$5.90,16677200
07/14/2011,$5.96,27652400
07/13/2011,$6.06,28590800
07/12/2011,$6.20,32717200
07/11/2011,$6.49,14364800
07/08/2011,$6.71,8712800
07/07/2011,$6.80,16264000
07/06/2011,$6.83,7729600
07/05/2011,$6.85,16248400
07/01/2011,$6.73,12165200
06/30/2011,$6.67,12476400
06/29/2011,$6.50,13839600
06/28/2011,$6.59,10897600
06/27/2011,$6.45,15545200
06/24/2011,$6.53,12753600
06/23/2011,$6.57,14934000
06/22/2011,$6.64,15025200
06/21/2011,$6.88,7831200
06/20/2011,$6.70,8456800
06/17/2011,$6.61,12077600
06/16/2011,$6.55,13257600
06/15/2011,$6.53,13243200
06/14/2011,$6.61,12146000
06/13/2011,$6.56,8031200
06/10/2011,$6.57,14767600
06/09/2011,$6.63,10146400
06/08/2011,$6.57,13476400
06/07/2011,$6.55,11732400
06/06/2011,$6.64,8754400
06/03/2011,$6.68,12872000
06/02/2011,$6.82,12416000
06/01/2011,$6.87,15425600
05/31/2011,$6.99,19066400
05/27/2011,$7.05,9684000
05/26/2011,$6.94,10902400
05/25/2011,$6.94,20483600
05/24/2011,$6.91,24013200
05/23/2011,$6.91,16475600
05/20/2011,$6.97,30978000
05/19/2011,$6.83,55522800
05/18/2011,$6.67,14644000
05/17/2011,$6.59,11913600
05/16/2011,$6.62,17397600
05/13/2011,$6.68,22156000
05/12/2011,$6.48,10474000
05/11/2011,$6.45,8936000
05/10/2011,$6.45,9244800
05/09/2011,$6.37,7954400
05/06/2011,$6.36,12817600
05/05/2011,$6.47,13301200
05/04/2011,$6.42,12828400
05/03/2011,$6.47,12833600
05/02/2011,$6.45,15980000
04/29/2011,$6.42,21600000
04/28/2011,$6.55,11770000
04/27/2011,$6.55,17640400
04/26/2011,$6.57,14800000
04/25/2011,$6.62,17385600
04/21/2011,$6.64,21595200
04/20/2011,$6.59,20801600
04/19/2011,$6.64,17207200
04/18/2011,$6.53,38931600
04/15/2011,$6.60,43878800
04/14/2011,$6.35,42023200
04/13/2011,$6.34,64732400
04/12/2011,$5.95,15611600
04/11/2011,$5.94,15544400
04/08/2011,$5.95,15777600
04/07/2011,$6.01,19617200
04/06/2011,$5.97,19400000
04/05/2011,$5.89,26934800
04/04/2011,$5.64,10445200
04/01/2011,$5.73,21412000
03/31/2011,$5.63,11223200
03/30/2011,$5.66,14192400
03/29/2011,$5.58,15980000
03/28/2011,$5.49,11341600
03/25/2011,$5.43,20421600
03/24/2011,$5.43,36630400
03/23/2011,$5.28,15660000
03/22/2011,$5.26,10503600
03/21/2011,$5.30,14425600
03/18/2011,$5.24,22613600
03/17/2011,$5.24,17913200
03/16/2011,$5.14,21472400
03/15/2011,$5.13,26211600
03/14/2011,$4.95,16224400
03/11/2011,$4.94,13231600
03/10/2011,$4.89,20054400
03/09/2011,$4.94,15137200
03/08/2011,$4.95,9460400
03/07/2011,$4.93,14274400
03/04/2011,$5.01,9802800
03/03/2011,$5.03,13021200
03/02/2011,$4.93,11159600
03/01/2011,$4.93,15414400
02/28/2011,$4.99,8912400
02/25/2011,$4.96,9886000
02/24/2011,$4.88,14920000
02/23/2011,$4.92,16189600
02/22/2011,$4.92,21687200
02/18/2011,$4.99,14541600
02/17/2011,$5.03,12615200
02/16/2011,$5.07,17260400
02/15/2011,$5.01,17814400
02/14/2011,$4.97,19096800
02/11/2011,$5.07,16693600
02/10/2011,$5.09,24326000
02/09/2011,$4.93,15080800
02/08/2011,$5.01,18070400
02/07/2011,$5.03,14493200
02/04/2011,$5.01,23932800
02/03/2011,$4.88,25717600
02/02/2011,$4.95,30396000
02/01/2011,$5.14,16999600
01/31/2011,$5.27,8538000
01/28/2011,$5.24,13380400
01/27/2011,$5.27,13016400
01/26/2011,$5.26,8602800
01/25/2011,$5.26,11108400
01/24/2011,$5.27,11408800
01/21/2011,$5.22,17216000
01/20/2011,$5.25,19676800
01/19/2011,$5.11,15343600
01/18/2011,$5.09,11729200
01/14/2011,$5.09,16853600
01/13/2011,$5.15,14550400
01/12/2011,$5.17,18063200
01/11/2011,$5.05,17895600
01/10/2011,$5.18,14912000
01/07/2011,$5.19,23160800
01/06/2011,$5.16,45365600
01/05/2011,$5.47,24244800
01/04/2011,$5.63,11084000
01/03/2011,$5.73,9595200
12/31/2010,$5.72,6328800
12/30/2010,$5.74,12323200
12/29/2010,$5.63,7957600
12/28/2010,$5.63,7936000
12/27/2010,$5.56,7621600
12/23/2010,$5.55,12488400
12/22/2010,$5.43,5863600
12/21/2010,$5.41,7195200
12/20/2010,$5.32,13609200
12/17/2010,$5.42,9826000
12/16/2010,$5.43,9459600
12/15/2010,$5.39,15179200
12/14/2010,$5.43,16030000
12/13/2010,$5.48,14086800
12/10/2010,$5.56,14664800
12/09/2010,$5.41,10022800
12/08/2010,$5.33,10954000
12/07/2010,$5.36,12620400
12/06/2010,$5.31,8966800
12/03/2010,$5.33,15067200
12/02/2010,$5.29,21618400
12/01/2010,$5.07,17286400
11/30/2010,$4.98,12746000
11/29/2010,$5.03,10330400
11/26/2010,$5.13,4770000
11/24/2010,$5.09,7475200
11/23/2010,$5.05,8614400
11/22/2010,$5.09,13339600
11/19/2010,$5.03,14322800
11/18/2010,$5.10,44690400
11/17/2010,$5.25,46576000
11/16/2010,$5.21,23330800
11/15/2010,$5.18,8705200
11/12/2010,$5.21,13454000
11/11/2010,$5.28,29224000
11/10/2010,$5.03,16176400
11/09/2010,$5.05,15514000
11/08/2010,$5.13,14281600
11/05/2010,$5.00,14497200
11/04/2010,$4.99,11070400
11/03/2010,$4.89,10092400
11/02/2010,$4.89,7034400
11/01/2010,$4.83,9892000
10/29/2010,$4.91,9536000
10/28/2010,$4.85,8272400
10/27/2010,$4.84,13015600
10/26/2010,$4.85,8827200
10/25/2010,$4.81,12758000
10/22/2010,$4.78,9695200
10/21/2010,$4.76,13030400
10/20/2010,$4.74,22742800
10/19/2010,$4.61,28256400
10/18/2010,$4.57,25016000
10/15/2010,$4.58,30591200
10/14/2010,$4.70,22972000
10/13/2010,$4.81,20300800
10/12/2010,$4.95,21450800
10/11/2010,$5.09,9967200
10/08/2010,$5.02,8096400
10/07/2010,$4.98,8383200
10/06/2010,$5.05,9574800
10/05/2010,$5.06,12304400
10/04/2010,$4.97,8826400
10/01/2010,$5.00,11784400
09/30/2010,$4.93,8918000
09/29/2010,$4.93,6109200
09/28/2010,$4.97,10490400
09/27/2010,$4.95,5881200
09/24/2010,$4.98,11678800
09/23/2010,$4.89,11340800
09/22/2010,$4.88,10188800
09/21/2010,$4.87,13212800
09/20/2010,$4.89,15766800
09/17/2010,$4.84,20073200
09/16/2010,$4.85,44586000
09/15/2010,$4.65,8092800
09/14/2010,$4.65,12170800
09/13/2010,$4.66,10225200
09/10/2010,$4.56,12256400
09/09/2010,$4.59,8307200
09/08/2010,$4.64,8611600
09/07/2010,$4.69,6510400
09/03/2010,$4.75,7668000
09/02/2010,$4.63,7676800
09/01/2010,$4.57,12469200
08/31/2010,$4.48,16536400
08/30/2010,$4.47,11451600
08/27/2010,$4.58,13263600
08/26/2010,$4.59,13732000
08/25/2010,$4.61,13495600
08/24/2010,$4.59,13345600
08/23/2010,$4.61,11727200
08/20/2010,$4.70,16035600
08/19/2010,$4.76,47737200
08/18/2010,$5.19,13283200
08/17/2010,$5.01,6376800
08/16/2010,$4.96,8584000
08/13/2010,$4.89,9609200
08/12/2010,$4.93,14706400
08/11/2010,$4.97,17867600
08/10/2010,$5.13,14230000
08/09/2010,$5.24,13735200
08/06/2010,$5.24,10918000
08/05/2010,$5.28,8965600
08/04/2010,$5.32,14005600
08/03/2010,$5.16,9780400
08/02/2010,$5.28,18259600
07/30/2010,$5.01,9482400
07/29/2010,$4.93,14032400
07/28/2010,$5.00,11020000
07/27/2010,$5.07,13526000
07/26/2010,$5.22,7603600
07/23/2010,$5.13,12521600
07/22/2010,$5.00,13131600
07/21/2010,$4.91,16517200
07/20/2010,$4.95,11388000
07/19/2010,$4.85,15486400
07/16/2010,$4.74,17426800
07/15/2010,$4.88,13475600
07/14/2010,$4.88,15780000
07/13/2010,$4.88,12702800
07/12/2010,$4.83,15144400
07/09/2010,$4.76,10320000
07/08/2010,$4.71,16996400
07/07/2010,$4.69,16324400
07/06/2010,$4.60,16960800
07/02/2010,$4.57,22867200
07/01/2010,$4.77,39145600
06/30/2010,$4.70,32174400
06/29/2010,$4.58,27437600
06/28/2010,$4.69,21330400
06/25/2010,$4.63,25433200
06/24/2010,$4.59,24058000
06/23/2010,$4.72,14618800
06/22/2010,$4.71,19208800
06/21/2010,$4.72,19453600
06/18/2010,$4.80,24309600
06/17/2010,$4.84,26484400
06/16/2010,$4.91,40100400
06/15/2010,$5.18,86314800
06/14/2010,$5.47,17182000
06/11/2010,$5.41,20270000
06/10/2010,$5.31,14132800
06/09/2010,$5.25,15337600
06/08/2010,$5.25,25142000
06/07/2010,$5.28,17799600
06/04/2010,$5.44,16968000
06/03/2010,$5.67,13562000
06/02/2010,$5.53,14154800
06/01/2010,$5.47,16959200
05/28/2010,$5.70,15776800
05/27/2010,$5.74,19578400
05/26/2010,$5.41,20909200
05/25/2010,$5.48,32569200
05/24/2010,$5.32,19369200
05/21/2010,$5.32,24071200
05/20/2010,$5.16,58545600
05/19/2010,$5.32,25809600
05/18/2010,$5.35,17028000
05/17/2010,$5.51,20410800
05/14/2010,$5.46,37874000
05/13/2010,$5.67,14396400
05/12/2010,$5.78,20704000
05/11/2010,$5.74,25358000
05/10/2010,$5.82,19441200
05/07/2010,$5.64,28214400
05/06/2010,$5.80,26537200
05/05/2010,$6.13,17316800
05/04/2010,$6.18,19578400
05/03/2010,$6.28,13205200
04/30/2010,$6.08,16750000
04/29/2010,$6.25,13401600
04/28/2010,$6.18,14573600
04/27/2010,$6.14,24509600
04/26/2010,$6.36,21112000
04/23/2010,$6.30,26032800
04/22/2010,$6.26,40112000
04/21/2010,$6.28,28300400
04/20/2010,$6.35,27440000
04/19/2010,$6.32,47649600
04/16/2010,$6.20,44103600
04/15/2010,$6.11,28872400
04/14/2010,$5.99,20700800
04/13/2010,$5.91,18796000
04/12/2010,$5.87,17782800
04/09/2010,$5.82,14136400
04/08/2010,$5.78,17962800
04/07/2010,$5.67,17577200
04/06/2010,$5.63,10560400
04/05/2010,$5.66,12947600
04/01/2010,$5.60,15999600
03/31/2010,$5.48,17516000
03/30/2010,$5.45,11360400
03/29/2010,$5.44,13868000
03/26/2010,$5.50,11542800
03/25/2010,$5.45,17515200
03/24/2010,$5.43,22520800
03/23/2010,$5.55,29708800
03/22/2010,$5.40,32534400
03/19/2010,$5.28,31450800
03/18/2010,$5.29,75227200
03/17/2010,$4.97,29221600
03/16/2010,$4.85,14022800
03/15/2010,$4.85,16786000
03/12/2010,$4.80,19390800
03/11/2010,$4.84,70812800
03/10/2010,$4.57,15324000
03/09/2010,$4.51,20690400
03/08/2010,$4.62,14404400
03/05/2010,$4.52,17628800
03/04/2010,$4.45,19592400
03/03/2010,$4.46,18618800
03/02/2010,$4.37,13546400
03/01/2010,$4.37,18755200
02/26/2010,$4.30,27936800
02/25/2010,$4.38,65709600
02/24/2010,$4.72,15390400
02/23/2010,$4.72,14362000
02/22/2010,$4.77,10532800
02/19/2010,$4.83,11946800
02/18/2010,$4.86,9183200
02/17/2010,$4.82,12235200
02/16/2010,$4.75,15120800
02/12/2010,$4.79,19654800
02/11/2010,$4.84,16944400
02/10/2010,$4.79,22481600
02/09/2010,$4.70,44096400
02/08/2010,$4.92,16622400
02/05/2010,$5.04,13127200
02/04/2010,$5.03,20178400
02/03/2010,$5.13,13012000
02/02/2010,$5.06,17193200
02/01/2010,$4.98,22914400
01/29/2010,$4.94,18107600
01/28/2010,$4.97,17192800
01/27/2010,$4.99,26276000
01/26/2010,$4.91,25002400
01/25/2010,$4.98,14026400
01/22/2010,$5.01,13537600
01/21/2010,$5.11,17704000
01/20/2010,$5.13,16296800
01/19/2010,$5.20,16406800
01/15/2010,$5.13,24515200
01/14/2010,$5.13,27087600
01/13/2010,$5.20,17787600
01/12/2010,$5.19,28486000
01/11/2010,$5.08,28085200
01/08/2010,$5.07,47872400
01/07/2010,$5.11,164761200
01/06/2010,$6.01,21471200
01/05/2010,$5.88,21269600
01/04/2010,$5.72,26702800
12/31/2009,$5.49,8567200
12/30/2009,$5.54,6336000
12/29/2009,$5.54,9635200
12/28/2009,$5.56,12622400
12/24/2009,$5.50,3045600
12/23/2009,$5.50,14990800
12/22/2009,$5.55,12574000
12/21/2009,$5.66,9394400
12/18/2009,$5.62,17775600
12/17/2009,$5.66,16027200
12/16/2009,$5.61,13728400
12/15/2009,$5.58,15962000
12/14/2009,$5.57,18072000
12/11/2009,$5.43,43557200
12/10/2009,$5.30,21166400
12/09/2009,$5.20,25552400
12/08/2009,$5.34,24618400
12/07/2009,$5.48,29156400
12/04/2009,$5.33,28291600
12/03/2009,$5.34,32134000
12/02/2009,$5.47,82857600
12/01/2009,$5.96,24110000
11/30/2009,$6.10,32250400
11/27/2009,$6.33,7013600
11/25/2009,$6.40,12368400
11/24/2009,$6.32,15699200
11/23/2009,$6.41,18866400
11/20/2009,$6.37,24193200
11/19/2009,$6.13,28052000
11/18/2009,$6.02,16356400
11/17/2009,$5.99,13722800
11/16/2009,$6.10,17727200
11/13/2009,$5.92,30455600
11/12/2009,$6.16,17740800
11/11/2009,$6.11,24894000
11/10/2009,$6.30,17291600
11/09/2009,$6.38,12618800
11/06/2009,$6.16,9437600
11/05/2009,$6.05,12047200
11/04/2009,$5.93,13658000
11/03/2009,$5.99,11898000
11/02/2009,$6.05,16268800
10/30/2009,$6.07,26188000
10/29/2009,$6.14,14058800
10/28/2009,$6.06,19852400
10/27/2009,$6.15,28021600
10/26/2009,$6.02,24907600
10/23/2009,$6.19,19331600
10/22/2009,$6.31,22136400
10/21/2009,$6.34,29969200
10/20/2009,$6.41,50180000
10/19/2009,$7.04,9785600
10/16/2009,$6.93,15250800
10/15/2009,$6.96,23774800
10/14/2009,$7.04,19975200
10/13/2009,$6.84,17388400
10/12/2009,$6.72,10214000
10/09/2009,$6.74,15445200
10/08/2009,$6.84,29264000
10/07/2009,$6.56,16032800
10/06/2009,$6.66,10194000
10/05/2009,$6.51,12717600
10/02/2009,$6.42,12916000
10/01/2009,$6.51,18036000
09/30/2009,$6.62,17042000
09/29/2009,$6.70,11655200
09/28/2009,$6.55,10503200
09/25/2009,$6.51,10657200
09/24/2009,$6.56,13425600
09/23/2009,$6.66,18429600
09/22/2009,$6.56,9724800
09/21/2009,$6.57,17578800
09/18/2009,$6.70,36131600
09/17/2009,$6.45,14788400
09/16/2009,$6.45,17892000
09/15/2009,$6.34,14134800
09/14/2009,$6.40,27324000
09/11/2009,$6.18,12579600
09/10/2009,$6.26,14457200
09/09/2009,$6.26,14990400
09/08/2009,$6.23,18980000
09/04/2009,$6.01,12266800
09/03/2009,$5.99,11936000
09/02/2009,$5.86,17472400
09/01/2009,$5.83,17736000
08/31/2009,$5.95,30459600
08/28/2009,$5.87,21142000
08/27/2009,$5.76,20830400
08/26/2009,$5.64,20362800
08/25/2009,$5.61,27330800
08/24/2009,$5.64,29498400
08/21/2009,$5.78,29613600
08/20/2009,$5.85,67452800
08/19/2009,$6.30,26332000
08/18/2009,$6.14,29814000
08/17/2009,$6.27,19117600
08/14/2009,$6.61,31286800
08/13/2009,$6.58,26032400
08/12/2009,$6.41,23210000
08/11/2009,$6.18,15786400
08/10/2009,$6.04,18084000
08/07/2009,$6.29,14760800
08/06/2009,$6.13,16098000
08/05/2009,$6.04,21148000
08/04/2009,$6.11,34184000
08/03/2009,$5.72,17851600
07/31/2009,$5.47,19539600
07/30/2009,$5.37,24278400
07/29/2009,$5.47,27248400
07/28/2009,$5.70,23062800
07/27/2009,$5.88,22301200
07/24/2009,$6.04,21429600
07/23/2009,$5.97,23842400
07/22/2009,$5.91,20105200
07/21/2009,$5.73,19525600
07/20/2009,$5.59,13197200
07/17/2009,$5.49,17236400
07/16/2009,$5.54,17691200
07/15/2009,$5.41,14714400
07/14/2009,$5.41,16020800
07/13/2009,$5.26,12709600
07/10/2009,$5.11,11711600
07/09/2009,$5.17,13632400
07/08/2009,$5.24,15794400
07/07/2009,$5.11,12082400
07/06/2009,$5.26,13345600
07/02/2009,$5.27,23488000
07/01/2009,$5.61,14216800
06/30/2009,$5.50,14904800
06/29/2009,$5.54,13016800
06/26/2009,$5.54,11630000
06/25/2009,$5.55,16520800
06/24/2009,$5.46,17768400
06/23/2009,$5.47,53730400
06/22/2009,$5.49,16922000
06/19/2009,$5.74,16404000
06/18/2009,$5.70,13021200
06/17/2009,$5.81,13238800
06/16/2009,$5.75,17450000
06/15/2009,$5.92,17307600
06/12/2009,$6.03,25776000
06/11/2009,$6.15,15526400
06/10/2009,$6.24,17362000
06/09/2009,$6.25,13499200
06/08/2009,$6.08,15417600
06/05/2009,$5.97,22467600
06/04/2009,$6.11,26048400
06/03/2009,$6.04,17809600
06/02/2009,$6.08,28647600
06/01/2009,$6.45,22536000
05/29/2009,$6.24,28922800
05/28/2009,$5.88,28178400
05/27/2009,$5.50,31670000
05/26/2009,$5.84,26845200
05/22/2009,$5.64,29644400
05/21/2009,$5.59,93280800
05/20/2009,$6.62,22625600
05/19/2009,$6.45,15981600
05/18/2009,$6.57,17980000
05/15/2009,$6.62,16987200
05/14/2009,$6.49,19002000
05/13/2009,$6.41,13865600
05/12/2009,$6.56,12664400
05/11/2009,$6.66,15956400
05/08/2009,$6.53,19250400
05/07/2009,$6.73,23629600
05/06/2009,$6.88,27962400
05/05/2009,$7.27,13023600
05/04/2009,$7.34,14536000
05/01/2009,$7.34,10718000
04/30/2009,$7.54,13025600
04/29/2009,$7.52,11000800
04/28/2009,$7.42,9591600
04/27/2009,$7.62,9435200
04/24/2009,$7.83,10360000
04/23/2009,$7.63,12307200
04/22/2009,$7.47,16529200
04/21/2009,$7.45,12638400
04/20/2009,$7.10,11553600
04/17/2009,$7.21,34494400
04/16/2009,$7.43,36771600
04/15/2009,$7.97,8244400
04/14/2009,$7.87,12311200
04/13/2009,$8.07,15403200
04/09/2009,$8.10,13712000
04/08/2009,$7.59,10800000
04/07/2009,$7.31,15189200
04/06/2009,$7.16,24378400
04/03/2009,$7.45,28170800
04/02/2009,$7.53,17236400
04/01/2009,$7.05,16029200
03/31/2009,$7.01,21632000
03/30/2009,$6.77,13361600
03/27/2009,$6.96,22048800
03/26/2009,$6.55,43962800
03/25/2009,$6.71,25804400
03/24/2009,$6.76,25125200
03/23/2009,$6.66,21946000
03/20/2009,$6.21,14899200
03/19/2009,$6.36,14676000
03/18/2009,$6.21,18758400
03/17/2009,$6.24,12678800
03/16/2009,$6.10,10923600
03/13/2009,$6.41,13562800
03/12/2009,$6.35,12505200
03/11/2009,$6.32,13239600
03/10/2009,$6.30,16247600
03/09/2009,$5.72,18562000
03/06/2009,$5.59,27643200
03/05/2009,$5.86,60038400
03/04/2009,$6.82,11398000
03/03/2009,$6.49,9038000
03/02/2009,$6.52,11168000
02/27/2009,$6.73,12968800
02/26/2009,$6.75,16187600
02/25/2009,$7.08,20710000
02/24/2009,$6.84,16203600
02/23/2009,$6.55,14442800
02/20/2009,$6.67,21009200
02/19/2009,$6.66,30934000
02/18/2009,$6.22,8056000
02/17/2009,$6.26,13674800
02/13/2009,$6.56,14056800
02/12/2009,$6.75,10009200
02/11/2009,$6.63,8349200
02/10/2009,$6.72,13442000
02/09/2009,$6.86,6362000
02/06/2009,$7.00,9702400
02/05/2009,$6.78,11081600
02/04/2009,$6.50,11842800
02/03/2009,$6.41,11142800
02/02/2009,$6.36,11117200
01/30/2009,$6.20,15813200
01/29/2009,$6.58,10453600
01/28/2009,$7.03,11984800
01/27/2009,$6.59,10235600
01/26/2009,$6.64,17713600
01/23/2009,$6.45,16519200
01/22/2009,$6.08,14352800
01/21/2009,$6.11,10744800
01/20/2009,$5.76,13612400
01/16/2009,$6.17,15144800
01/15/2009,$5.96,23565200
01/14/2009,$5.86,16432400
01/13/2009,$6.16,12873600
01/12/2009,$6.37,14668400
01/09/2009,$6.53,18159600
01/08/2009,$6.39,42152000
01/07/2009,$5.65,11122800
01/06/2009,$5.88,13866000
01/05/2009,$5.96,13637600
01/02/2009,$5.80,13963600
12/31/2008,$5.41,10700000
12/30/2008,$5.53,6538400
12/29/2008,$5.49,8405200
12/26/2008,$5.78,2639600
12/24/2008,$5.83,3049200
12/23/2008,$5.55,7179600
12/22/2008,$5.78,8427200
12/19/2008,$6.15,9903600
12/18/2008,$6.10,12953600
12/17/2008,$6.42,13346400
12/16/2008,$6.42,13348800
12/15/2008,$5.78,9152400
12/12/2008,$6.03,11752800
12/11/2008,$5.71,12814800
12/10/2008,$6.02,17691200
12/09/2008,$5.81,20840800
12/08/2008,$6.25,19515600
12/05/2008,$5.32,16196400
12/04/2008,$5.05,14238800
12/03/2008,$4.71,17088000
12/02/2008,$4.75,13370000
12/01/2008,$4.84,16041200
11/28/2008,$5.46,3492400
11/26/2008,$5.50,15137600
11/25/2008,$5.17,13656400
11/24/2008,$5.05,17435600
11/21/2008,$4.49,23882400
11/20/2008,$4.38,34066000
11/19/2008,$5.14,14096000
11/18/2008,$5.55,10996000
11/17/2008,$5.69,10797200
11/14/2008,$5.82,17737200
11/13/2008,$6.21,11899200
11/12/2008,$5.51,12023600
11/11/2008,$5.85,7261600
11/10/2008,$6.12,6611600
11/07/2008,$6.28,11724800
11/06/2008,$5.95,12471200
11/05/2008,$6.32,9225600
11/04/2008,$6.94,10694800
11/03/2008,$6.74,12913200
10/31/2008,$6.85,18198800
10/30/2008,$7.36,8937200
10/29/2008,$7.36,12296800
10/28/2008,$7.23,10413200
10/27/2008,$6.30,7350800
10/24/2008,$6.43,10107600
10/23/2008,$6.77,13702000
10/22/2008,$7.06,11143600
10/21/2008,$7.61,11535200
10/20/2008,$8.30,9182800
10/17/2008,$7.96,15007600
10/16/2008,$7.70,19504800
10/15/2008,$6.93,10457200
10/14/2008,$7.59,17392400
10/13/2008,$8.38,11892800
10/10/2008,$7.28,17067600
10/09/2008,$7.27,12377600
10/08/2008,$7.55,24096800
10/07/2008,$7.69,15159600
10/06/2008,$8.53,16781600
10/03/2008,$8.82,16381600
10/02/2008,$8.95,14665600
10/01/2008,$9.01,14468400
09/30/2008,$8.55,10832400
09/29/2008,$8.55,17368000
09/26/2008,$9.04,7502400
09/25/2008,$9.01,12844800
09/24/2008,$8.65,18436400
09/23/2008,$8.73,13957200
09/22/2008,$9.07,12012400
09/19/2008,$9.43,23282800
09/18/2008,$9.62,25745600
09/17/2008,$9.40,19856800
09/16/2008,$10.02,14190400
09/15/2008,$9.73,16810000
09/12/2008,$10.30,13232000
09/11/2008,$10.68,9519200
09/10/2008,$10.69,9796800
09/09/2008,$10.89,11334000
09/08/2008,$11.07,14582800
09/05/2008,$10.91,10644000
09/04/2008,$10.98,11927600
09/03/2008,$10.98,9074000
09/02/2008,$11.35,15146000
08/29/2008,$10.97,6734800
08/28/2008,$11.02,6842800
08/27/2008,$10.77,7100800
08/26/2008,$10.78,12825600
08/25/2008,$10.81,8637600
08/22/2008,$11.04,10726000
08/21/2008,$10.87,45804800
08/20/2008,$10.88,11106400
08/19/2008,$11.01,12618400
08/18/2008,$11.05,14777600
08/15/2008,$10.80,13044000
08/14/2008,$11.11,9440000
08/13/2008,$11.05,10420800
08/12/2008,$11.29,12188400
08/11/2008,$11.44,20922800
08/08/2008,$11.06,11020000
08/07/2008,$10.35,8546400
08/06/2008,$10.69,8805600
08/05/2008,$10.73,9434800
08/04/2008,$9.86,7437200
08/01/2008,$9.96,7149600
07/31/2008,$10.13,7168800
07/30/2008,$10.26,13275600
07/29/2008,$10.38,10380800
07/28/2008,$10.15,15166400
07/25/2008,$10.39,11425600
07/24/2008,$10.64,8073200
07/23/2008,$11.06,16638000
07/22/2008,$10.86,12102800
07/21/2008,$10.76,10062000
07/18/2008,$11.31,17629200
07/17/2008,$10.83,10802800
07/16/2008,$10.69,10628400
07/15/2008,$10.30,19512800
07/14/2008,$10.07,13985200
07/11/2008,$9.82,16315600
07/10/2008,$9.73,10499200
07/09/2008,$9.85,13638800
07/08/2008,$10.18,15121600
07/07/2008,$9.84,14674400
07/03/2008,$9.69,8804800
07/02/2008,$10.10,15804800
07/01/2008,$10.19,20770800
06/30/2008,$10.10,20155600
06/27/2008,$10.71,15141600
06/26/2008,$10.88,10815600
06/25/2008,$11.51,10594400
06/24/2008,$11.35,10932000
06/23/2008,$11.44,14428000
06/20/2008,$11.35,17922400
06/19/2008,$11.98,15765600
06/18/2008,$11.66,14089200
06/17/2008,$11.72,14980000
06/16/2008,$11.98,26889200
06/13/2008,$11.13,18588400
06/12/2008,$10.73,18547600
06/11/2008,$10.63,19711600
06/10/2008,$11.16,16049600
06/09/2008,$11.46,14682800
06/06/2008,$11.25,18682000
06/05/2008,$11.89,16022000
06/04/2008,$11.85,15030000
06/03/2008,$12.11,14062400
06/02/2008,$12.29,12183200
05/30/2008,$12.40,11706400
05/29/2008,$12.30,16644800
05/28/2008,$12.57,12170000
05/27/2008,$12.38,15632800
05/23/2008,$12.34,21610000
05/22/2008,$12.21,69192800
05/21/2008,$12.71,13868000
05/20/2008,$12.90,11591600
05/19/2008,$13.05,8378800
05/16/2008,$13.47,10736800
05/15/2008,$13.86,11836400
05/14/2008,$13.74,7578000
05/13/2008,$13.65,8144800
05/12/2008,$13.52,14618800
05/09/2008,$12.81,8953200
05/08/2008,$12.77,11374400
05/07/2008,$13.05,11799200
05/06/2008,$13.48,9750000
05/05/2008,$13.19,10268000
05/02/2008,$13.50,13057600
05/01/2008,$14.10,10534000
04/30/2008,$13.76,10017200
04/29/2008,$13.66,8226800
04/28/2008,$13.78,10067200
04/25/2008,$14.05,8757200
04/24/2008,$13.99,7333600
04/23/2008,$13.80,9008400
04/22/2008,$13.71,7740400
04/21/2008,$13.89,12316000
04/18/2008,$14.16,18530400
04/17/2008,$14.26,8637600
04/16/2008,$14.16,9032000
04/15/2008,$13.96,8661200
04/14/2008,$13.72,6964000
04/11/2008,$13.64,6223200
04/10/2008,$13.80,12056400
04/09/2008,$13.42,13598000
04/08/2008,$13.84,7986800
04/07/2008,$14.02,6571600
04/04/2008,$14.10,6052000
04/03/2008,$14.10,8529200
04/02/2008,$13.92,13132000
04/01/2008,$13.92,17945200
03/31/2008,$12.93,13848000
03/28/2008,$12.97,11335200
03/27/2008,$13.50,10036800
03/26/2008,$13.24,9238000
03/25/2008,$13.46,13272800
03/24/2008,$13.50,21702800
03/20/2008,$12.55,17160800
03/19/2008,$11.74,15634000
03/18/2008,$12.14,35311200
03/17/2008,$11.75,16108400
03/14/2008,$12.26,20089200
03/13/2008,$11.79,9716400
03/12/2008,$11.56,8811600
03/11/2008,$11.72,13702000
03/10/2008,$10.83,12572800
03/07/2008,$10.67,7842400
03/06/2008,$10.84,9648000
03/05/2008,$11.31,14798000
03/04/2008,$10.90,11981200
03/03/2008,$10.69,12508800
02/29/2008,$10.59,16601600
02/28/2008,$11.27,11685200
02/27/2008,$11.85,6761200
02/26/2008,$11.78,9491200
02/25/2008,$11.52,10012800
02/22/2008,$11.57,9797200
02/21/2008,$11.50,9418800
02/20/2008,$11.44,15053600
02/19/2008,$11.72,13709200
02/15/2008,$11.91,28404800
02/14/2008,$11.44,21073600
02/13/2008,$11.83,18358000
02/12/2008,$12.27,13856400
02/11/2008,$12.56,10498800
02/08/2008,$12.56,7503600
02/07/2008,$12.29,11981600
02/06/2008,$12.32,10170800
02/05/2008,$12.34,8459200
02/04/2008,$13.00,9960000
02/01/2008,$13.13,8606400
01/31/2008,$12.89,12497200
01/30/2008,$12.27,9477600
01/29/2008,$12.42,9950400
01/28/2008,$12.64,10268000
01/25/2008,$12.40,14676800
01/24/2008,$13.10,14777600
01/23/2008,$13.01,23099200
01/22/2008,$12.62,24653200
01/18/2008,$12.33,15501200
01/17/2008,$12.43,18054400
01/16/2008,$12.83,19882400
01/15/2008,$12.70,15774400
01/14/2008,$13.43,13277600
01/11/2008,$13.03,19846000
01/10/2008,$13.07,40060000
01/09/2008,$13.78,26118800
01/08/2008,$14.02,12886400
01/07/2008,$14.13,13208800
01/04/2008,$14.26,16070400
01/03/2008,$15.03,9843200
01/02/2008,$15.07,9398800
12/31/2007,$15.53,8378400
12/28/2007,$15.57,7000000
12/27/2007,$15.55,8374000
12/26/2007,$15.72,6859200
12/24/2007,$15.82,5382000
12/21/2007,$15.36,16519200
12/20/2007,$15.52,9072400
12/19/2007,$15.24,10536800
12/18/2007,$15.24,16019200
12/17/2007,$14.54,14002400
12/14/2007,$14.55,14204400
12/13/2007,$14.39,71285200
12/12/2007,$14.65,10628000
12/11/2007,$14.53,10792400
12/10/2007,$15.00,9276800
12/07/2007,$15.19,14952800
12/06/2007,$14.91,28446800
12/05/2007,$14.48,6776800
12/04/2007,$14.30,8308400
12/03/2007,$14.40,10230000
11/30/2007,$14.36,17945600
11/29/2007,$13.97,9410000
11/28/2007,$13.94,13355200
11/27/2007,$13.28,12078000
11/26/2007,$12.87,15294000
11/23/2007,$12.54,4015200
11/21/2007,$12.33,14115200
11/20/2007,$12.75,46295600
11/19/2007,$13.25,21253200
11/16/2007,$13.75,15406800
11/15/2007,$13.98,12091200
11/14/2007,$13.47,9347200
11/13/2007,$13.61,8614000
11/12/2007,$13.00,11782000
11/09/2007,$13.19,13440800
11/08/2007,$13.95,12534800
11/07/2007,$14.10,7603200
11/06/2007,$14.67,7791200
11/05/2007,$14.24,6502400
11/02/2007,$14.13,8757600
11/01/2007,$14.46,9021200
10/31/2007,$14.81,9824000
10/30/2007,$14.38,4704000
10/29/2007,$14.57,9931200
10/26/2007,$14.36,13177200
10/25/2007,$14.15,8461200
10/24/2007,$14.53,7404000
10/23/2007,$15.01,9815200
10/22/2007,$14.19,10362000
10/19/2007,$14.19,4996400
10/18/2007,$14.60,5218800
10/17/2007,$14.63,12518000
10/16/2007,$14.53,7624000
10/15/2007,$14.51,11118400
10/12/2007,$14.35,8033200
10/11/2007,$14.26,6229600
10/10/2007,$14.74,8718800
10/09/2007,$14.68,11420800
10/08/2007,$14.16,4688800
10/05/2007,$14.18,9329600
10/04/2007,$13.66,8743200
10/03/2007,$14.15,9836400
10/02/2007,$14.40,8101200
10/01/2007,$14.04,10108400
09/28/2007,$14.09,10254400
09/27/2007,$14.20,20450800
09/26/2007,$14.69,15681200
09/25/2007,$14.26,13652800
09/24/2007,$14.04,15665200
09/21/2007,$13.82,14216800
09/20/2007,$13.62,11533600
09/19/2007,$13.35,11312800
09/18/2007,$13.05,10555200
09/17/2007,$12.85,7458800
09/14/2007,$12.97,15742800
09/13/2007,$12.45,6732400
09/12/2007,$12.59,4645200
09/11/2007,$12.55,6751200
09/10/2007,$12.20,6490800
09/07/2007,$12.05,8721200
09/06/2007,$12.51,5309200
09/05/2007,$12.42,7518000
09/04/2007,$12.78,7339200
08/31/2007,$12.53,8497600
08/30/2007,$12.21,11760800
08/29/2007,$12.41,9858800
08/28/2007,$11.60,9943600
08/27/2007,$12.18,8902800
08/24/2007,$12.36,16282000
08/23/2007,$11.86,36215600
08/22/2007,$10.85,10826400
08/21/2007,$10.74,7677200
08/20/2007,$10.42,7671200
08/17/2007,$9.98,9318000
08/16/2007,$9.74,13521200
08/15/2007,$9.89,8548800
08/14/2007,$10.02,7792000
08/13/2007,$10.17,6788400
08/10/2007,$9.97,11581200
08/09/2007,$10.24,13578000
08/08/2007,$11.01,8939200
08/07/2007,$10.69,12259600
08/06/2007,$10.15,10832000
08/03/2007,$9.89,25260400
08/02/2007,$10.38,7012000
08/01/2007,$10.02,11194800
07/31/2007,$10.09,7746800
07/30/2007,$10.18,8771600
07/27/2007,$10.10,7153600
07/26/2007,$10.27,8762400
07/25/2007,$10.50,6957200
07/24/2007,$10.40,7830000
07/23/2007,$10.27,4889200
07/20/2007,$10.48,4552800
07/19/2007,$10.42,5072000
07/18/2007,$10.52,9935600
07/17/2007,$10.40,2922400
07/16/2007,$10.52,4695200
07/13/2007,$10.50,6658000
07/12/2007,$10.60,8340800
07/11/2007,$10.44,7340800
07/10/2007,$10.53,8712800
07/09/2007,$10.81,14075200
07/06/2007,$10.39,6941600
07/05/2007,$10.38,10054000
07/03/2007,$10.11,3930800
07/02/2007,$10.05,5043600
06/29/2007,$9.77,7270000
06/28/2007,$9.98,9085600
06/27/2007,$10.10,8023600
06/26/2007,$9.88,10896800
06/25/2007,$9.99,8621600
06/22/2007,$10.02,7596400
06/21/2007,$10.01,8609600
06/20/2007,$9.90,6679200
06/19/2007,$10.01,9126400
06/18/2007,$10.05,14488000
06/15/2007,$9.80,13245600
06/14/2007,$9.31,7034800
06/13/2007,$9.26,5360800
06/12/2007,$9.09,5590400
06/11/2007,$9.23,3978800
06/08/2007,$9.32,5400000
06/07/2007,$9.10,6544000
06/06/2007,$9.35,5462800
06/05/2007,$9.53,7040800
06/04/2007,$9.56,8198800
06/01/2007,$9.42,8202000
05/31/2007,$9.24,17145600
05/30/2007,$9.10,6937600
05/29/2007,$9.01,8673200
05/25/2007,$8.95,6572400
05/24/2007,$8.80,12748800
05/23/2007,$8.96,22241200
05/22/2007,$9.42,13271200
05/21/2007,$9.27,19506800
05/18/2007,$8.90,11480000
05/17/2007,$8.90,13776000
05/16/2007,$8.81,10438400
05/15/2007,$8.57,15605600
05/14/2007,$8.24,7761600
05/11/2007,$8.16,8081200
05/10/2007,$8.23,5690400
05/09/2007,$8.38,5039200
05/08/2007,$8.36,7112000
05/07/2007,$8.33,11877200
05/04/2007,$8.31,6704800
05/03/2007,$8.40,9219600
05/02/2007,$8.45,7223200
05/01/2007,$8.38,8882000
04/30/2007,$8.29,6036000
04/27/2007,$8.40,9876800
04/26/2007,$8.51,7824000
04/25/2007,$8.45,8018000
04/24/2007,$8.54,7319600
04/23/2007,$8.74,9291600
04/20/2007,$8.51,6918400
04/19/2007,$8.26,7272800
04/18/2007,$8.38,4162400
04/17/2007,$8.49,7720400
04/16/2007,$8.46,6413200
04/13/2007,$8.45,5085200
04/12/2007,$8.48,5889600
04/11/2007,$8.59,9722400
04/10/2007,$8.52,7423600
04/09/2007,$8.27,4532000
04/05/2007,$8.33,4191200
04/04/2007,$8.24,5212400
04/03/2007,$8.30,6009600
04/02/2007,$8.23,7650800
03/30/2007,$8.14,7696800
03/29/2007,$8.10,12156000
03/28/2007,$8.15,20805600
03/27/2007,$7.79,36956800
03/26/2007,$6.99,7596000
03/23/2007,$6.83,5724400
03/22/2007,$6.83,5526000
03/21/2007,$6.91,4846000
03/20/2007,$6.91,6427600
03/19/2007,$6.80,5823200
03/16/2007,$6.68,5856000
03/15/2007,$6.77,4846400
03/14/2007,$6.66,5252800
03/13/2007,$6.74,4496800
03/12/2007,$6.85,4426400
03/09/2007,$6.78,6910400
03/08/2007,$6.72,7842400
03/07/2007,$6.47,6049600
03/06/2007,$6.47,4760000
03/05/2007,$6.39,6351200
03/02/2007,$6.41,5709600
03/01/2007,$6.52,8226400
02/28/2007,$6.55,7252000
02/27/2007,$6.52,7116000
02/26/2007,$6.67,5396800
02/23/2007,$6.73,6705600
02/22/2007,$6.79,12582400
02/21/2007,$6.91,12452800
02/20/2007,$6.74,5933600
02/16/2007,$6.72,8016000
02/15/2007,$6.72,5329600
02/14/2007,$6.74,7787200
02/13/2007,$6.70,6283200
02/12/2007,$6.63,7309600
02/09/2007,$6.69,9247200
02/08/2007,$6.66,4455200
02/07/2007,$6.71,7500800
02/06/2007,$6.59,6634400
02/05/2007,$6.63,4761600
02/02/2007,$6.74,8032800
02/01/2007,$6.73,13054400
01/31/2007,$6.68,7724000
01/30/2007,$6.59,9476800
01/29/2007,$6.64,9475200
01/26/2007,$6.53,23704000
01/25/2007,$6.71,14985600
01/24/2007,$6.97,6088800
01/23/2007,$6.86,6670400
01/22/2007,$6.88,12960800
01/19/2007,$7.00,6128000
01/18/2007,$7.11,5757600
01/17/2007,$7.20,4578400
01/16/2007,$7.21,4962400
01/12/2007,$7.20,5542400
01/11/2007,$7.25,8252000
01/10/2007,$7.08,6720000
01/09/2007,$7.04,12871200
01/08/2007,$6.81,10454400
01/05/2007,$6.94,10751200
01/04/2007,$6.93,19406400
01/03/2007,$6.86,15924800
12/29/2006,$6.89,5423200
12/28/2006,$6.97,4487200
12/27/2006,$6.96,5771200
12/26/2006,$6.88,3079200
12/22/2006,$6.91,2655200
12/21/2006,$6.94,7573600
12/20/2006,$6.89,7730400
12/19/2006,$6.88,17598400
12/18/2006,$6.93,11616800
12/15/2006,$7.07,7248000
12/14/2006,$7.12,7160800
12/13/2006,$7.03,7944000
12/12/2006,$7.05,7372800
12/11/2006,$7.15,4446400
12/08/2006,$7.22,8603200
12/07/2006,$7.15,8781600
12/06/2006,$7.18,10467200
12/05/2006,$7.09,7396000
12/04/2006,$7.03,6208800
12/01/2006,$6.95,12235200
11/30/2006,$7.01,12468000
11/29/2006,$6.90,9834400
11/28/2006,$6.80,11149600
11/27/2006,$6.88,13477600
11/24/2006,$7.08,12698400
11/22/2006,$6.92,18607200
11/21/2006,$6.63,40560000
11/20/2006,$6.39,22174400
11/17/2006,$6.47,13632800
11/16/2006,$6.53,9756000
11/15/2006,$6.59,6547200
11/14/2006,$6.64,12220800
11/13/2006,$6.54,10700000
11/10/2006,$6.54,10802400
11/09/2006,$6.50,11314400
11/08/2006,$6.66,6965600
11/07/2006,$6.63,9868800
11/06/2006,$6.66,6737600
11/03/2006,$6.69,19126400
11/02/2006,$6.29,7436800
11/01/2006,$6.26,6600000
10/31/2006,$6.38,9998400
10/30/2006,$6.36,10313600
10/27/2006,$6.45,6628800
10/26/2006,$6.45,7327200
10/25/2006,$6.21,7942400
10/24/2006,$6.36,11533600
10/23/2006,$6.51,7506400
10/20/2006,$6.41,6804000
10/19/2006,$6.41,5388800
10/18/2006,$6.37,5908800
10/17/2006,$6.39,5338400
10/16/2006,$6.47,5661600
10/13/2006,$6.47,24780000
10/12/2006,$6.28,12948800
10/11/2006,$6.13,14608800
10/10/2006,$6.00,13952000
10/09/2006,$6.01,4200000
10/06/2006,$5.95,6384800
10/05/2006,$6.03,5426400
10/04/2006,$6.00,5933600
10/03/2006,$5.91,9816000
10/02/2006,$5.76,7277600
09/29/2006,$5.78,5998400
09/28/2006,$5.83,18363200
09/27/2006,$5.90,12991200
09/26/2006,$6.03,9628000
09/25/2006,$6.00,13921600
09/22/2006,$5.89,35704000
09/21/2006,$6.11,14238400
09/20/2006,$6.05,14860000
09/19/2006,$6.00,9942400
09/18/2006,$6.02,10916800
09/15/2006,$5.96,14955200
09/14/2006,$5.90,11056000
09/13/2006,$5.99,8590400
09/12/2006,$5.91,12341600
09/11/2006,$5.70,10446400
09/08/2006,$5.59,12696000
09/07/2006,$5.46,8399200
09/06/2006,$5.46,11133600
09/05/2006,$5.52,6214400
09/01/2006,$5.41,6332800
08/31/2006,$5.46,3318400
08/30/2006,$5.45,11145600
08/29/2006,$5.39,6012000
08/28/2006,$5.32,6683200
08/25/2006,$5.23,13466400
08/24/2006,$5.28,11295200
08/23/2006,$5.45,10399200
08/22/2006,$5.45,8999200
08/21/2006,$5.38,12586400
08/18/2006,$5.55,11964000
08/17/2006,$5.65,39456800
08/16/2006,$5.88,15787200
08/15/2006,$5.79,7867200
08/14/2006,$5.76,5054400
08/11/2006,$5.81,14607200
08/10/2006,$5.57,5800000
08/09/2006,$5.47,6882400
08/08/2006,$5.54,7664800
08/07/2006,$5.59,6837600
08/04/2006,$5.54,12148000
08/03/2006,$5.55,11303200
08/02/2006,$5.36,14356000
08/01/2006,$5.06,9466400
07/31/2006,$5.20,5831200
07/28/2006,$5.28,6951200
07/27/2006,$5.11,11804800
07/26/2006,$5.11,9171200
07/25/2006,$5.03,11869600
07/24/2006,$4.89,6758400
07/21/2006,$4.73,7272800
07/20/2006,$4.86,13608800
07/19/2006,$5.11,14404800
07/18/2006,$4.93,10285600
07/17/2006,$4.71,8840000
07/14/2006,$4.87,25800000
07/13/2006,$4.92,27345600
07/12/2006,$4.61,11244000
07/11/2006,$4.66,6838400
07/10/2006,$4.63,9079200
07/07/2006,$4.76,8792000
07/06/2006,$4.90,7608000
07/05/2006,$4.86,8599200
07/03/2006,$4.97,9300800
06/30/2006,$5.25,40900800
06/29/2006,$4.89,10038400
06/28/2006,$4.64,8960000
06/27/2006,$4.60,7832800
06/26/2006,$4.64,8500000
06/23/2006,$4.71,9082400
06/22/2006,$4.60,15736800
06/21/2006,$4.80,17034400
06/20/2006,$4.59,10371200
06/19/2006,$4.74,9212800
06/16/2006,$4.93,19246400
06/15/2006,$5.16,12840000
06/14/2006,$5.05,11556800
06/13/2006,$4.94,34932000
06/12/2006,$5.01,12683200
06/09/2006,$5.18,7392000
06/08/2006,$5.12,14679200
06/07/2006,$5.16,9148000
06/06/2006,$5.21,8560800
06/05/2006,$5.12,9801600
06/02/2006,$5.43,3640000
06/01/2006,$5.49,6748800
05/31/2006,$5.37,8531200
05/30/2006,$5.27,4466400
05/26/2006,$5.45,2690400
05/25/2006,$5.43,9716000
05/24/2006,$5.26,9572000
05/23/2006,$5.41,8955200
05/22/2006,$5.42,13483200
05/19/2006,$5.62,17420000
05/18/2006,$5.67,27920800
05/17/2006,$5.57,13900800
05/16/2006,$5.54,15004000
05/15/2006,$5.43,14463200
05/12/2006,$5.49,6625600
05/11/2006,$5.61,9512000
05/10/2006,$5.80,6000800
05/09/2006,$5.95,2714400
05/08/2006,$5.93,5166400
05/05/2006,$6.03,7203200
05/04/2006,$5.93,8647200
05/03/2006,$6.00,9106400
05/02/2006,$6.00,10076800
05/01/2006,$5.95,8448800
04/28/2006,$5.90,6791200
04/27/2006,$5.92,8373600
04/26/2006,$5.92,5029600
04/25/2006,$5.85,4122400
04/24/2006,$5.84,8646400
04/21/2006,$5.87,4872800
04/20/2006,$5.94,4015200
04/19/2006,$5.88,3589600
04/18/2006,$5.85,7016800
04/17/2006,$5.82,6667200
04/13/2006,$5.86,5961600
04/12/2006,$5.89,6859200
04/11/2006,$5.87,15877600
04/10/2006,$6.08,8205600
04/07/2006,$6.12,4709600
04/06/2006,$6.12,4656800
04/05/2006,$6.08,10348800
04/04/2006,$6.01,7552800
04/03/2006,$5.81,7973600
03/31/2006,$5.89,7366400
03/30/2006,$5.88,7541600
03/29/2006,$5.88,5836000
03/28/2006,$5.79,8101600
03/27/2006,$5.86,8910400
03/24/2006,$5.85,8592800
03/23/2006,$5.65,9898400
03/22/2006,$5.68,9578400
03/21/2006,$5.63,34934400
03/20/2006,$5.18,5472000
03/17/2006,$5.14,8017600
03/16/2006,$5.01,3470400
03/15/2006,$4.97,9444000
03/14/2006,$5.05,10702400
03/13/2006,$4.89,6683200
03/10/2006,$4.85,5876800
03/09/2006,$4.78,4141600
03/08/2006,$4.84,6636800
03/07/2006,$4.99,5328800
03/06/2006,$5.10,4565600
03/03/2006,$5.13,4959200
03/02/2006,$5.04,5779200
03/01/2006,$5.12,5396000
02/28/2006,$5.00,5433600
02/27/2006,$5.03,4370400
02/24/2006,$5.01,3040800
02/23/2006,$4.99,5284800
02/22/2006,$5.13,4616800
02/21/2006,$5.06,4985600
02/17/2006,$5.14,5732000
02/16/2006,$5.21,7809600
02/15/2006,$5.08,7472800
02/14/2006,$5.07,5366400
02/13/2006,$5.02,3857600
02/10/2006,$5.06,6680000
02/09/2006,$5.06,7375200
02/08/2006,$5.22,6632800
02/07/2006,$5.24,8088800
02/06/2006,$5.39,8327200
02/03/2006,$5.32,13072000
02/02/2006,$5.26,14772800
02/01/2006,$5.27,22532800
01/31/2006,$5.04,10189600
01/30/2006,$4.94,6882400
01/27/2006,$4.89,14284800
01/26/2006,$4.84,6236000
01/25/2006,$4.79,5652800
01/24/2006,$4.76,4924800
01/23/2006,$4.76,6049600
01/20/2006,$4.76,6880800
01/19/2006,$4.84,7996800
01/18/2006,$4.76,9820000
01/17/2006,$4.78,5452000
01/13/2006,$4.79,8151200
01/12/2006,$4.82,9652800
01/11/2006,$4.90,16179200
01/10/2006,$4.84,12179200
01/09/2006,$4.79,19167200
01/06/2006,$4.82,25268800
01/05/2006,$4.66,64004000
01/04/2006,$4.18,18158400
01/03/2006,$4.04,14340000
12/30/2005,$3.98,9986400
12/29/2005,$3.97,10356800
12/28/2005,$3.94,11119200
12/27/2005,$3.86,8728800
12/23/2005,$3.83,5524000
12/22/2005,$3.82,10518400
12/21/2005,$3.85,23754400
12/20/2005,$3.81,12994400
12/19/2005,$3.86,9797600
12/16/2005,$3.94,14536000
12/15/2005,$3.95,29805600
12/14/2005,$4.11,8283200
12/13/2005,$4.11,20328000
12/12/2005,$4.27,6884000
12/09/2005,$4.24,8983200
12/08/2005,$4.33,6964800
12/07/2005,$4.29,6916000
12/06/2005,$4.38,8649600
12/05/2005,$4.36,10442400
12/02/2005,$4.40,14757600
12/01/2005,$4.20,21526400
11/30/2005,$4.20,29410400
11/29/2005,$4.37,39403200
11/28/2005,$4.40,20941600
11/25/2005,$4.57,11036000
11/23/2005,$4.43,26180000
11/22/2005,$4.57,27897600
11/21/2005,$4.72,19488000
11/18/2005,$4.53,21448000
11/17/2005,$4.47,7339200
11/16/2005,$4.43,7541600
11/15/2005,$4.44,7923200
11/14/2005,$4.51,13801600
11/11/2005,$4.49,5192800
11/10/2005,$4.60,10495200
11/09/2005,$4.62,5386400
11/08/2005,$4.55,6180000
11/07/2005,$4.65,5389600
11/04/2005,$4.55,6818400
11/03/2005,$4.62,8779200
11/02/2005,$4.53,9165600
11/01/2005,$4.45,8176800
10/31/2005,$4.43,9989600
10/28/2005,$4.31,8584000
10/27/2005,$4.13,9168800
10/26/2005,$4.24,13603200
10/25/2005,$4.46,24702400
10/24/2005,$4.34,5791200
10/21/2005,$4.26,6864800
10/20/2005,$4.26,11249600
10/19/2005,$4.24,13252800
10/18/2005,$4.11,13924800
10/17/2005,$3.94,8855200
10/14/2005,$3.87,9545600
10/13/2005,$3.83,9798400
10/12/2005,$3.84,13842400
10/11/2005,$3.86,15512800
10/10/2005,$3.90,14907200
10/07/2005,$3.84,52832800
10/06/2005,$3.88,10563200
10/05/2005,$4.00,17377600
10/04/2005,$3.93,8649600
10/03/2005,$3.87,8705600
09/30/2005,$3.93,15973600
09/29/2005,$4.01,10675200
09/28/2005,$4.11,9587200
09/27/2005,$4.09,10540800
09/26/2005,$4.16,5928800
09/23/2005,$4.22,4352800
09/22/2005,$4.18,10666400
09/21/2005,$4.14,10058400
09/20/2005,$4.41,5376800
09/19/2005,$4.50,5140800
09/16/2005,$4.50,2892800
09/15/2005,$4.48,5410400
09/14/2005,$4.59,10896000
09/13/2005,$4.53,3542400
09/12/2005,$4.55,2681600
09/09/2005,$4.52,3808800
09/08/2005,$4.50,4820800
09/07/2005,$4.53,4876000
09/06/2005,$4.47,10426400
09/02/2005,$4.23,2591200
09/01/2005,$4.19,4422400
08/31/2005,$4.22,3615200
08/30/2005,$4.16,5616000
08/29/2005,$4.22,5644800
08/26/2005,$4.25,4119200
08/25/2005,$4.31,4289600
08/24/2005,$4.31,6655200
08/23/2005,$4.36,11461600
08/22/2005,$4.28,9614400
08/19/2005,$4.12,9533600
08/18/2005,$4.04,30152000
08/17/2005,$3.68,12528800
08/16/2005,$3.76,8929600
08/15/2005,$3.94,6760000
08/12/2005,$3.92,9870400
08/11/2005,$4.06,3891200
08/10/2005,$4.12,5344800
08/09/2005,$4.11,7405600
08/08/2005,$4.03,2602400
08/05/2005,$4.03,8782400
08/04/2005,$4.18,2731200
08/03/2005,$4.29,2520000
08/02/2005,$4.34,3236800
08/01/2005,$4.26,4022400
07/29/2005,$4.29,4046400
07/28/2005,$4.42,4013600
07/27/2005,$4.37,5293600
07/26/2005,$4.26,10003200
07/25/2005,$4.27,2082400
07/22/2005,$4.30,3260000
07/21/2005,$4.38,2002400
07/20/2005,$4.41,2126400
07/19/2005,$4.37,5283200
07/18/2005,$4.37,4751200
07/15/2005,$4.40,3233600
07/14/2005,$4.42,4058400
07/13/2005,$4.43,6147200
07/12/2005,$4.46,4825600
07/11/2005,$4.43,4837600
07/08/2005,$4.39,4782400
07/07/2005,$4.28,3616000
07/06/2005,$4.20,4544000
07/05/2005,$4.14,5974400
07/01/2005,$4.10,2636000
06/30/2005,$4.09,3630400
06/29/2005,$4.06,3894400
06/28/2005,$4.05,4951200
06/27/2005,$3.95,2436000
06/24/2005,$4.01,5144800
06/23/2005,$4.06,4787200
06/22/2005,$4.06,5134400
06/21/2005,$4.01,3296000
06/20/2005,$4.05,4430400
06/17/2005,$4.13,5526400
06/16/2005,$4.12,5376800
06/15/2005,$4.19,5979200
06/14/2005,$4.05,8160000
06/13/2005,$4.07,5081600
06/10/2005,$4.10,5294400
06/09/2005,$4.04,13045600
06/08/2005,$3.90,10082400
06/07/2005,$4.00,10453600
06/06/2005,$4.07,11956800
06/03/2005,$3.88,10910400
06/02/2005,$3.76,5056800
06/01/2005,$3.76,9328800
05/31/2005,$3.64,4625600
05/27/2005,$3.73,5091200
05/26/2005,$3.68,5831200
05/25/2005,$3.57,6977600
05/24/2005,$3.72,19811200
05/23/2005,$3.57,9228000
05/20/2005,$3.50,3736800
05/19/2005,$3.50,5181600
05/18/2005,$3.40,5760000
05/17/2005,$3.28,4449600
05/16/2005,$3.21,2190400
05/13/2005,$3.19,5629600
05/12/2005,$3.22,5621600
05/11/2005,$3.22,2894400
05/10/2005,$3.21,4499200
05/09/2005,$3.22,2540800
05/06/2005,$3.23,2811200
05/05/2005,$3.22,4544800
05/04/2005,$3.14,4074400
05/03/2005,$3.19,7068000
05/02/2005,$3.20,4989600
04/29/2005,$3.08,3612000
04/28/2005,$3.07,7337600
04/27/2005,$3.06,6429600
04/26/2005,$3.07,6420000
04/25/2005,$3.05,8039200
04/22/2005,$2.96,10447200
04/21/2005,$2.99,6945600
04/20/2005,$2.93,6829600
04/19/2005,$3.01,9079200
04/18/2005,$2.96,62324800
04/15/2005,$2.70,4920000
04/14/2005,$2.61,1500000
04/13/2005,$2.69,1120800
04/12/2005,$2.74,2481600
04/11/2005,$2.69,1980800
04/08/2005,$2.72,2092000
04/07/2005,$2.75,2375200
04/06/2005,$2.74,1942400
04/05/2005,$2.76,2912800
04/04/2005,$2.72,2744800
04/01/2005,$2.72,2340000
03/31/2005,$2.77,1920000
03/30/2005,$2.84,2196000
03/29/2005,$2.82,3860000
03/28/2005,$2.93,8504000
03/24/2005,$2.82,6767200
03/23/2005,$2.74,17444800
03/22/2005,$2.44,8909600
03/21/2005,$2.58,2173600
03/18/2005,$2.63,1794400
03/17/2005,$2.63,2931200
03/16/2005,$2.60,1516000
03/15/2005,$2.65,6571200
03/14/2005,$2.46,5665600
03/11/2005,$2.54,3028000
03/10/2005,$2.54,1504800
03/09/2005,$2.53,2252800
03/08/2005,$2.57,1009600
03/07/2005,$2.60,1349600
03/04/2005,$2.59,1810400
03/03/2005,$2.54,2439200
03/02/2005,$2.54,2640000
03/01/2005,$2.53,3182400
02/28/2005,$2.43,1068000
02/25/2005,$2.40,1598400
02/24/2005,$2.33,1944000
02/23/2005,$2.36,936000
02/22/2005,$2.34,1946400
02/18/2005,$2.44,1799200
02/17/2005,$2.47,1955200
02/16/2005,$2.46,2590400
02/15/2005,$2.46,1599200
02/14/2005,$2.41,1470400
02/11/2005,$2.39,1637600
02/10/2005,$2.37,1378400
02/09/2005,$2.39,919200
02/08/2005,$2.44,2110400
02/07/2005,$2.44,3222400
02/04/2005,$2.46,1685600
02/03/2005,$2.45,4172800
02/02/2005,$2.51,4252800
02/01/2005,$2.41,2048000
01/31/2005,$2.39,2201600
01/28/2005,$2.35,4199200
01/27/2005,$2.40,1806400
01/26/2005,$2.39,1232000
01/25/2005,$2.34,4086400
01/24/2005,$2.34,2801600
01/21/2005,$2.39,2614400
01/20/2005,$2.40,2950400
01/19/2005,$2.42,4810400
01/18/2005,$2.41,3188000
01/14/2005,$2.38,2755200
01/13/2005,$2.37,4097600
01/12/2005,$2.38,3815200
01/11/2005,$2.39,3978400
01/10/2005,$2.42,9423200
01/07/2005,$2.44,29349600
01/06/2005,$2.64,4820800
01/05/2005,$2.66,3254400
01/04/2005,$2.66,4378400
01/03/2005,$2.69,4844800
12/31/2004,$2.80,1420800
12/30/2004,$2.81,1840000
12/29/2004,$2.79,2148000
12/28/2004,$2.78,3252800
12/27/2004,$2.66,2680000
12/23/2004,$2.68,2253600
12/22/2004,$2.74,3844000
12/21/2004,$2.65,2907200
12/20/2004,$2.63,3081600
12/17/2004,$2.64,1572000
12/16/2004,$2.68,2415200
12/15/2004,$2.66,3222400
12/14/2004,$2.65,4604000
12/13/2004,$2.69,2736800
12/10/2004,$2.71,6703200
12/09/2004,$2.68,5212800
12/08/2004,$2.68,4167200
12/07/2004,$2.64,2380800
12/06/2004,$2.63,2752800
12/03/2004,$2.63,4351200
12/02/2004,$2.63,2610400
12/01/2004,$2.64,4403200
11/30/2004,$2.64,4353600
11/29/2004,$2.67,3623200
11/26/2004,$2.71,1196000
11/24/2004,$2.68,7044800
11/23/2004,$2.58,14652800
11/22/2004,$2.47,10712800
11/19/2004,$2.57,12897600
11/18/2004,$2.74,6096000
11/17/2004,$2.75,8394400
11/16/2004,$2.79,9755200
11/15/2004,$2.89,19627200
11/12/2004,$2.94,16881600
11/11/2004,$2.67,9748000
11/10/2004,$2.67,5512800
11/09/2004,$2.75,7088800
11/08/2004,$2.86,7368800
11/05/2004,$2.69,8309600
11/04/2004,$2.54,2680800
11/03/2004,$2.49,3718400
11/02/2004,$2.51,2162400
11/01/2004,$2.48,948000
10/29/2004,$2.45,3236000
10/28/2004,$2.49,1605600
10/27/2004,$2.50,2916000
10/26/2004,$2.43,2827200
10/25/2004,$2.40,1267200
10/22/2004,$2.41,908800
10/21/2004,$2.43,1550400
10/20/2004,$2.39,1814400
10/19/2004,$2.37,1657600
10/18/2004,$2.39,2380800
10/15/2004,$2.39,3322400
10/14/2004,$2.31,3718400
10/13/2004,$2.36,1616000
10/12/2004,$2.40,2926400
10/11/2004,$2.39,2159200
10/08/2004,$2.34,3828800
10/07/2004,$2.37,7043200
10/06/2004,$2.49,4059200
10/05/2004,$2.53,2984800
10/04/2004,$2.49,7313600
10/01/2004,$2.37,2232000
09/30/2004,$2.31,2827200
09/29/2004,$2.27,1319200
09/28/2004,$2.22,1472000
09/27/2004,$2.24,750400
09/24/2004,$2.28,1889600
09/23/2004,$2.23,1520000
09/22/2004,$2.28,1588800
09/21/2004,$2.31,1024800
09/20/2004,$2.26,1695200
09/17/2004,$2.34,3007200
09/16/2004,$2.22,697600
09/15/2004,$2.19,900800
09/14/2004,$2.18,837600
09/13/2004,$2.17,1047200
09/10/2004,$2.15,618400
09/09/2004,$2.16,684000
09/08/2004,$2.13,520800
09/07/2004,$2.17,762400
09/03/2004,$2.16,797600
09/02/2004,$2.16,988000
09/01/2004,$2.12,1335200
08/31/2004,$2.10,1634400
08/30/2004,$2.14,1219200
08/27/2004,$2.12,968000
08/26/2004,$2.11,623200
08/25/2004,$2.13,743200
08/24/2004,$2.12,1626400
08/23/2004,$2.09,923200
08/20/2004,$2.13,3558400
08/19/2004,$2.14,3917600
08/18/2004,$2.09,1912000
08/17/2004,$2.01,5612000
08/16/2004,$1.98,2464800
08/13/2004,$1.88,681600
08/12/2004,$1.86,961600
08/11/2004,$1.88,982400
08/10/2004,$1.89,817600
08/09/2004,$1.86,1792800
08/06/2004,$1.88,2006400
08/05/2004,$1.87,1144000
08/04/2004,$1.90,1422400
08/03/2004,$1.91,2539200
08/02/2004,$1.96,728000
07/30/2004,$1.92,649600
07/29/2004,$1.92,948800
07/28/2004,$1.89,1484800
07/27/2004,$1.91,1923200
07/26/2004,$1.82,1063200
07/23/2004,$1.82,2850400
07/22/2004,$1.92,1840800
07/21/2004,$1.94,3187200
07/20/2004,$1.90,1123200
07/19/2004,$1.85,1305600
07/16/2004,$1.88,1953600
07/15/2004,$1.89,2975200
07/14/2004,$1.89,2243200
07/13/2004,$1.89,3024800
07/12/2004,$1.88,1244000
07/09/2004,$1.85,1757600
07/08/2004,$1.84,2152000
07/07/2004,$1.82,2023200
07/06/2004,$1.84,1435200
07/02/2004,$1.86,1110400
07/01/2004,$1.85,1580800
06/30/2004,$1.90,2249600
06/29/2004,$1.86,951200
06/28/2004,$1.88,1071200
06/25/2004,$1.89,4368000
06/24/2004,$1.84,2618400
06/23/2004,$1.86,4132000
06/22/2004,$1.82,4074400
06/21/2004,$1.88,3212800
06/18/2004,$1.88,2098400
06/17/2004,$1.94,1549600
06/16/2004,$1.97,1603200
06/15/2004,$1.92,3318400
06/14/2004,$1.93,2829600
06/10/2004,$1.98,2831200
06/09/2004,$2.01,3109600
06/08/2004,$1.99,1524000
06/07/2004,$1.99,2432000
06/04/2004,$1.95,3554400
06/03/2004,$1.91,5264800
06/02/2004,$1.95,3504800
06/01/2004,$1.94,2676800
05/28/2004,$1.95,1972000
05/27/2004,$1.97,1440800
05/26/2004,$1.96,3244000
05/25/2004,$1.92,3429600
05/24/2004,$1.92,1155200
05/21/2004,$1.92,2605600
05/20/2004,$1.92,3968000
05/19/2004,$1.94,3824800
05/18/2004,$1.97,5284800
05/17/2004,$2.07,1733600
05/14/2004,$2.13,1024000
05/13/2004,$2.16,1621600
05/12/2004,$2.17,1540800
05/11/2004,$2.19,2290400
05/10/2004,$2.15,1288800
05/07/2004,$2.20,1816000
05/06/2004,$2.26,1055200
05/05/2004,$2.26,812800
05/04/2004,$2.27,1389600
05/03/2004,$2.22,1444000
04/30/2004,$2.20,2173600
04/29/2004,$2.22,880000
04/28/2004,$2.25,1119200
04/27/2004,$2.29,961600
04/26/2004,$2.27,544800
04/23/2004,$2.27,1183200
04/22/2004,$2.32,1044000
04/21/2004,$2.31,1426400
04/20/2004,$2.25,713600
04/19/2004,$2.28,567200
04/16/2004,$2.28,993600
04/15/2004,$2.29,863200
04/14/2004,$2.24,1248000
04/13/2004,$2.24,1197600
04/12/2004,$2.31,578400
04/08/2004,$2.30,1216000
04/07/2004,$2.29,870400
04/06/2004,$2.30,1045600
04/05/2004,$2.31,1612800
04/02/2004,$2.30,1431200
04/01/2004,$2.24,1200000
03/31/2004,$2.25,1370400
03/30/2004,$2.24,1578400
03/29/2004,$2.27,2706400
03/26/2004,$2.18,2542400
03/25/2004,$2.16,1376000
03/24/2004,$2.12,2676000
03/23/2004,$2.13,1937600
03/22/2004,$2.06,1509600
03/19/2004,$2.13,2048800
03/18/2004,$2.09,1796800
03/17/2004,$2.11,3562400
03/16/2004,$2.15,1356800
03/15/2004,$2.20,1458400
03/12/2004,$2.24,1474400
03/11/2004,$2.11,1601600
03/10/2004,$2.13,2227200
03/09/2004,$2.22,1060800
03/08/2004,$2.22,893600
03/05/2004,$2.26,823200
03/04/2004,$2.25,1819200
03/03/2004,$2.29,1089600
03/02/2004,$2.27,2381600
03/01/2004,$2.32,974400
02/27/2004,$2.33,1702400
02/26/2004,$2.31,2088000
02/25/2004,$2.33,1902400
02/24/2004,$2.33,5475200
02/23/2004,$2.23,2349600
02/20/2004,$2.25,1675200
02/19/2004,$2.26,2091200
02/18/2004,$2.26,2777600
02/17/2004,$2.29,2278400
02/13/2004,$2.15,1412800
02/12/2004,$2.19,1062400
02/11/2004,$2.19,1499200
02/10/2004,$2.15,1301600
02/09/2004,$2.10,2311200
02/06/2004,$2.18,2170400
02/05/2004,$2.06,1414400
02/04/2004,$2.04,2297600
02/03/2004,$2.04,1553600
02/02/2004,$2.04,2384000
01/30/2004,$2.08,1152000
01/29/2004,$2.06,2201600
01/28/2004,$2.07,1510400
01/27/2004,$2.13,1401600
01/26/2004,$2.14,2102400
01/23/2004,$2.12,1616800
01/22/2004,$2.15,2157600
01/21/2004,$2.18,2417600
01/20/2004,$2.17,2199200
01/16/2004,$2.19,2268000
01/15/2004,$2.17,2018400
01/14/2004,$2.20,1610400
01/13/2004,$2.23,1687200
01/12/2004,$2.24,3532000
01/09/2004,$2.25,3762400
01/08/2004,$2.32,5824800
01/07/2004,$2.13,3737600
01/06/2004,$2.25,10285600
01/05/2004,$2.01,3140800
01/02/2004,$1.89,1301600
12/31/2003,$1.93,1160800
12/30/2003,$1.94,1088800
12/29/2003,$1.92,1125600
12/26/2003,$1.88,596000
12/24/2003,$1.87,893600
12/23/2003,$1.97,1188000
12/22/2003,$1.88,1568800
12/19/2003,$1.92,2088000
12/18/2003,$1.89,2147200
12/17/2003,$1.84,2261600
12/16/2003,$1.87,2509600
12/15/2003,$1.80,2688800
12/12/2003,$1.89,1320800
12/11/2003,$1.91,3736800
12/10/2003,$1.81,2492000
12/09/2003,$1.79,1828000
12/08/2003,$1.83,1979200
12/05/2003,$1.84,2948000
12/04/2003,$1.86,4660800
12/03/2003,$1.91,3321600
12/02/2003,$1.91,4720800
12/01/2003,$2.00,3568000
11/28/2003,$2.02,765600
11/26/2003,$2.02,1508000
11/25/2003,$2.02,2044800
11/24/2003,$2.06,1812000
11/21/2003,$2.02,1628800
11/20/2003,$2.03,6318400
11/19/2003,$1.93,2281600
11/18/2003,$1.89,5380000
11/17/2003,$2.00,2148800
11/14/2003,$2.02,1969600
11/13/2003,$2.09,2245600
11/12/2003,$2.16,2810400
11/11/2003,$2.11,3220000
11/10/2003,$2.08,2553600
11/07/2003,$2.10,1880000
11/06/2003,$2.11,6298400
11/05/2003,$2.09,4628800
11/04/2003,$1.98,5112800
11/03/2003,$1.95,8729600
10/31/2003,$2.10,2096800
10/30/2003,$2.13,1977600
10/29/2003,$2.13,999200
10/28/2003,$2.17,2028000
10/27/2003,$2.09,1797600
10/24/2003,$2.01,5844000
10/23/2003,$2.13,3544000
10/22/2003,$2.19,3074400
10/21/2003,$2.25,3004000
10/20/2003,$2.26,2658400
10/17/2003,$2.28,1344000
10/16/2003,$2.34,2020000
10/15/2003,$2.37,3519200
10/14/2003,$2.36,2483200
10/13/2003,$2.30,4789600
10/10/2003,$2.18,1479200
10/09/2003,$2.19,1604800
10/08/2003,$2.13,1096000
10/07/2003,$2.16,1112000
10/06/2003,$2.16,862400
10/03/2003,$2.09,1417600
10/02/2003,$2.07,1287200
10/01/2003,$2.03,2031200
09/30/2003,$1.99,1328800
09/29/2003,$2.04,1711200
09/26/2003,$2.03,2954400
09/25/2003,$2.00,2580000
09/24/2003,$2.05,1897600
09/23/2003,$2.14,2878400
09/22/2003,$2.10,1579200
09/19/2003,$2.14,2948000
09/18/2003,$2.14,1971200
09/17/2003,$2.16,1543200
09/16/2003,$2.11,2780000
09/15/2003,$2.15,4904000
09/12/2003,$2.10,8944000
09/11/2003,$2.12,2279200
09/10/2003,$2.15,4885600
09/09/2003,$2.21,2056800
09/08/2003,$2.23,3529600
09/05/2003,$2.25,3857600
09/04/2003,$2.25,3259200
09/03/2003,$2.22,3322400
09/02/2003,$2.16,2410400
08/29/2003,$2.08,1029600
08/28/2003,$2.06,2484000
08/27/2003,$2.05,1772800
08/26/2003,$1.99,4282400
08/25/2003,$2.06,3606400
08/22/2003,$2.04,4632000
08/21/2003,$1.96,7432800
08/20/2003,$1.85,5542400
08/19/2003,$1.79,9913600
08/18/2003,$1.63,5063200
08/15/2003,$1.65,880000
08/14/2003,$1.64,3041600
08/13/2003,$1.61,1910400
08/12/2003,$1.59,1381600
08/11/2003,$1.58,1729600
08/08/2003,$1.59,3044800
08/07/2003,$1.64,1733600
08/06/2003,$1.64,3007200
08/05/2003,$1.67,1742400
08/04/2003,$1.72,1385600
08/01/2003,$1.69,1719200
07/31/2003,$1.70,1833600
07/30/2003,$1.77,1607200
07/29/2003,$1.78,1875200
07/28/2003,$1.76,1265600
07/25/2003,$1.69,4858400
07/24/2003,$1.68,3165600
07/23/2003,$1.66,1536800
07/22/2003,$1.72,780800
07/21/2003,$1.65,1136800
07/18/2003,$1.69,1889600
07/17/2003,$1.69,6809600
07/16/2003,$1.70,1678400
07/15/2003,$1.76,1241600
07/14/2003,$1.80,2216800
07/11/2003,$1.76,3182400
07/10/2003,$1.79,2032800
07/09/2003,$1.86,2591200
07/08/2003,$1.82,7599200
07/07/2003,$1.72,2100800
07/03/2003,$1.66,698400
07/02/2003,$1.70,3976000
07/01/2003,$1.65,2725600
06/30/2003,$1.62,7811200
06/27/2003,$1.57,4385600
06/26/2003,$1.62,3217600
06/25/2003,$1.65,876000
06/24/2003,$1.67,2541600
06/23/2003,$1.64,2215200
06/20/2003,$1.70,643200
06/19/2003,$1.69,2144800
06/18/2003,$1.73,1871200
06/17/2003,$1.74,7159200
06/16/2003,$1.65,3298400
06/13/2003,$1.59,856800
06/12/2003,$1.59,2263200
06/11/2003,$1.59,985600
06/10/2003,$1.59,1913600
06/09/2003,$1.59,1652800
06/06/2003,$1.61,2603200
06/05/2003,$1.61,2214400
06/04/2003,$1.58,2476000
06/03/2003,$1.58,3224800
06/02/2003,$1.58,6280000
05/30/2003,$1.57,5804800
05/29/2003,$1.56,3565600
05/28/2003,$1.56,5043200
05/27/2003,$1.51,6578400
05/23/2003,$1.47,3620000
05/22/2003,$1.44,12603200
05/21/2003,$1.54,3861600
05/20/2003,$1.51,5705600
05/19/2003,$1.55,1703200
05/16/2003,$1.63,3456800
05/15/2003,$1.62,2109600
05/14/2003,$1.67,3248000
05/13/2003,$1.63,5832000
05/12/2003,$1.71,2990400
05/09/2003,$1.66,2789600
05/08/2003,$1.63,3544800
05/07/2003,$1.66,7851200
05/06/2003,$1.47,2504800
05/05/2003,$1.50,5194400
05/02/2003,$1.41,3861600
05/01/2003,$1.42,6383200
04/30/2003,$1.49,4572800
04/29/2003,$1.59,1404000
04/28/2003,$1.53,1275200
04/25/2003,$1.51,979200
04/24/2003,$1.55,2826400
04/23/2003,$1.63,742400
04/22/2003,$1.59,1528000
04/21/2003,$1.58,614400
04/17/2003,$1.55,1225600
04/16/2003,$1.58,2460800
04/15/2003,$1.57,707200
04/14/2003,$1.59,874400
04/11/2003,$1.55,1669600
04/10/2003,$1.54,852000
04/09/2003,$1.57,1153600
04/08/2003,$1.60,2711200
04/07/2003,$1.62,5702400
04/04/2003,$1.61,2118400
04/03/2003,$1.50,1254400
04/02/2003,$1.52,2104800
04/01/2003,$1.50,1600800
03/31/2003,$1.50,2738400
03/28/2003,$1.50,1539200
03/27/2003,$1.50,1572800
03/26/2003,$1.50,3872000
03/25/2003,$1.49,2338400
03/24/2003,$1.47,1311200
03/21/2003,$1.51,2633600
03/20/2003,$1.48,5579200
03/19/2003,$1.52,2491200
03/18/2003,$1.51,1610400
03/17/2003,$1.52,2560000
03/14/2003,$1.51,7757600
03/13/2003,$1.44,5355200
03/12/2003,$1.38,2159200
03/11/2003,$1.34,871200
03/10/2003,$1.33,1478400
03/07/2003,$1.37,2727200
03/06/2003,$1.35,1593600
03/05/2003,$1.31,3040800
03/04/2003,$1.30,1655200
03/03/2003,$1.35,1984000
02/28/2003,$1.31,2528800
02/27/2003,$1.28,3037600
02/26/2003,$1.27,901600
02/25/2003,$1.29,2479200
02/24/2003,$1.29,2048800
02/21/2003,$1.33,4217600
02/20/2003,$1.27,2695200
02/19/2003,$1.30,4581600
02/18/2003,$1.27,14183200
02/14/2003,$1.03,1928800
02/13/2003,$0.99,3216800
02/12/2003,$1.00,2116000
02/11/2003,$0.95,5256000
02/10/2003,$0.96,3335200
02/07/2003,$0.99,2403200
02/06/2003,$1.00,3609600
02/05/2003,$1.03,3685600
02/04/2003,$1.06,2489600
02/03/2003,$1.03,2149600
01/31/2003,$1.06,2208000
01/30/2003,$1.11,3940800
01/29/2003,$1.13,3560800
01/28/2003,$1.12,5787200
01/27/2003,$1.13,3596800
01/24/2003,$1.18,5676000
01/23/2003,$1.22,2531200
01/22/2003,$1.24,2268800
01/21/2003,$1.21,3869600
01/17/2003,$1.19,2741600
01/16/2003,$1.19,2660000
01/15/2003,$1.19,9749600
01/14/2003,$1.24,5394400
01/13/2003,$1.32,1628800
01/10/2003,$1.30,2906400
01/09/2003,$1.33,10240800
01/08/2003,$1.27,3288800
01/07/2003,$1.26,3504000
01/06/2003,$1.24,2815200
01/03/2003,$1.23,1894400
01/02/2003,$1.22,2815200
12/31/2002,$1.23,2881600
12/30/2002,$1.22,2522400
12/27/2002,$1.17,4116000
12/26/2002,$1.15,2602400
12/24/2002,$1.14,4208000
12/23/2002,$1.17,10243200
12/20/2002,$1.18,23508800
12/19/2002,$1.16,38963200
12/18/2002,$1.66,15253600
12/17/2002,$1.86,6561600
12/16/2002,$2.00,3011200
12/13/2002,$1.98,5163200
12/12/2002,$2.26,1598400
12/11/2002,$2.15,2988800
12/10/2002,$2.27,2289600
12/09/2002,$2.27,1407200
12/06/2002,$2.40,1127200
12/05/2002,$2.41,2463200
12/04/2002,$2.35,1547200
12/03/2002,$2.38,1670400
12/02/2002,$2.36,3728000
11/29/2002,$2.33,461600
11/27/2002,$2.33,1418400
11/26/2002,$2.31,1782400
11/25/2002,$2.32,1702400
11/22/2002,$2.31,3816800
11/21/2002,$2.43,2915200
11/20/2002,$2.41,2154400
11/19/2002,$2.39,9400000
11/18/2002,$2.53,4120000
11/15/2002,$2.52,2507200
11/14/2002,$2.38,1755200
11/13/2002,$2.38,3766400
11/12/2002,$2.30,2532000
11/11/2002,$2.17,1081600
11/08/2002,$2.13,2266400
11/07/2002,$2.31,834400
11/06/2002,$2.33,910400
11/05/2002,$2.34,2224800
11/04/2002,$2.26,1336800
11/01/2002,$2.20,2742400
10/31/2002,$2.24,1644000
10/30/2002,$2.25,4926400
10/29/2002,$2.25,4871200
10/28/2002,$2.32,4722400
10/25/2002,$2.54,2435200
10/24/2002,$2.55,1300800
10/23/2002,$2.49,1184800
10/22/2002,$2.40,7187200
10/21/2002,$2.61,1616800
10/18/2002,$2.54,1427200
10/17/2002,$2.47,1288800
10/16/2002,$2.44,1138400
10/15/2002,$2.45,1840800
10/14/2002,$2.34,673600
10/11/2002,$2.32,1828000
10/10/2002,$2.29,2052800
10/09/2002,$2.18,1482400
10/08/2002,$2.36,1255200
10/07/2002,$2.33,1420800
10/04/2002,$2.41,2060800
10/03/2002,$2.39,1212000
10/02/2002,$2.47,1560000
10/01/2002,$2.50,3411200
09/30/2002,$2.56,2290400
09/27/2002,$2.66,2938400
09/26/2002,$2.58,1353600
09/25/2002,$2.46,840000
09/24/2002,$2.43,1099200
09/23/2002,$2.49,1595200
09/20/2002,$2.51,737600
09/19/2002,$2.54,3078400
09/18/2002,$2.51,408000
09/17/2002,$2.55,388800
09/16/2002,$2.53,484800
09/13/2002,$2.45,288000
09/12/2002,$2.55,1172000
09/11/2002,$2.60,599200
09/10/2002,$2.55,1416800
09/09/2002,$2.51,1700000
09/06/2002,$2.45,1339200
09/05/2002,$2.40,1292800
09/04/2002,$2.33,2308800
09/03/2002,$2.50,1085600
08/30/2002,$2.60,778400
08/29/2002,$2.68,1388000
08/28/2002,$2.61,2461600
08/27/2002,$2.58,1864800
08/26/2002,$2.58,2069600
08/23/2002,$2.47,1333600
08/22/2002,$2.56,3035200
08/21/2002,$2.68,1994400
08/20/2002,$2.62,5432800
08/19/2002,$2.49,1722400
08/16/2002,$2.37,1723200
08/15/2002,$2.26,3407200
08/14/2002,$2.16,3224800
08/13/2002,$2.04,1760800
08/12/2002,$2.03,926400
08/09/2002,$1.91,946400
08/08/2002,$1.86,4937600
08/07/2002,$1.99,1560800
08/06/2002,$1.97,1688800
08/05/2002,$1.92,702400
08/02/2002,$1.89,1099200
08/01/2002,$2.09,1011200
07/31/2002,$2.19,777600
07/30/2002,$2.24,716800
07/29/2002,$2.29,936000
07/26/2002,$2.19,668800
07/25/2002,$2.12,560800
07/24/2002,$2.20,1784800
07/23/2002,$2.00,2536000
07/22/2002,$1.98,999200
07/19/2002,$1.97,1353600
07/18/2002,$2.01,1261600
07/17/2002,$2.01,6398400
07/16/2002,$2.02,1246400
07/15/2002,$2.09,1300000
07/12/2002,$2.21,1052800
07/11/2002,$2.30,2443200
07/10/2002,$2.40,2144000
07/09/2002,$2.44,2162400
07/08/2002,$2.48,1433600
07/05/2002,$2.38,455200
07/03/2002,$2.31,2226400
07/02/2002,$2.35,1637600
07/01/2002,$2.47,1088000
06/28/2002,$2.62,3480000
06/27/2002,$2.50,1632000
06/26/2002,$2.37,2882400
06/25/2002,$2.50,829600
06/24/2002,$2.57,1092800
06/21/2002,$2.63,1016000
06/20/2002,$2.74,509600
06/19/2002,$2.88,905600
06/18/2002,$2.82,260000
06/17/2002,$2.88,936800
06/14/2002,$2.81,718400
06/13/2002,$2.87,1297600
06/12/2002,$2.80,532000
06/11/2002,$2.84,323200
06/10/2002,$2.81,854400
06/07/2002,$2.87,1752000
06/06/2002,$2.91,1403200
06/05/2002,$2.91,1752000
06/04/2002,$2.93,1933600
06/03/2002,$2.91,1817600
05/31/2002,$3.02,2708000
05/30/2002,$2.91,3941600
05/29/2002,$2.95,4728000
05/28/2002,$3.03,2082400
05/24/2002,$2.93,2212000
05/23/2002,$2.80,2157600
05/22/2002,$2.66,1847200
05/21/2002,$2.56,3872000
05/20/2002,$2.67,2336000
05/17/2002,$2.65,4351200
05/16/2002,$2.58,5286400
05/15/2002,$2.48,5829600
05/14/2002,$2.60,3958400
05/13/2002,$2.69,1929600
05/10/2002,$2.76,696000
05/09/2002,$2.86,847200
05/08/2002,$2.80,658400
05/07/2002,$2.69,452800
05/06/2002,$2.72,2146400
05/03/2002,$2.60,463200
05/02/2002,$2.60,3316000
05/01/2002,$2.56,1672000
04/30/2002,$2.38,6894400
04/29/2002,$2.36,2562400
04/26/2002,$2.41,1653600
04/25/2002,$2.42,1727200
04/24/2002,$2.43,1064800
04/23/2002,$2.44,824800
04/22/2002,$2.50,772800
04/19/2002,$2.53,646400
04/18/2002,$2.48,984800
04/17/2002,$2.48,3348800
04/16/2002,$2.38,1225600
04/15/2002,$2.32,1559200
04/12/2002,$2.28,1236000
04/11/2002,$2.31,1444000
04/10/2002,$2.37,1302400
04/09/2002,$2.37,3562400
04/08/2002,$2.29,1558400
04/05/2002,$2.31,837600
04/04/2002,$2.37,763200
04/03/2002,$2.33,567200
04/02/2002,$2.33,2098400
04/01/2002,$2.38,1880000
03/28/2002,$2.53,1714400
03/27/2002,$2.58,1369600
03/26/2002,$2.50,1816800
03/25/2002,$2.46,7571200
03/22/2002,$2.41,2494400
03/21/2002,$2.34,4427200
03/20/2002,$2.25,9236000
03/19/2002,$2.34,3229600
03/18/2002,$2.41,2207200
03/15/2002,$2.54,1708000
03/14/2002,$2.63,1696800
03/13/2002,$2.63,5063200
03/12/2002,$2.65,5819200
03/11/2002,$2.65,5462400
03/08/2002,$2.61,1600800
03/07/2002,$2.55,2700800
03/06/2002,$2.42,1316800
03/05/2002,$2.41,3444800
03/04/2002,$2.46,3180800
03/01/2002,$2.42,1913600
02/28/2002,$2.39,2751200
02/27/2002,$2.39,4091200
02/26/2002,$2.44,2761600
02/25/2002,$2.44,3453600
02/22/2002,$2.42,3525600
02/21/2002,$2.46,6976800
02/20/2002,$2.47,6892800
02/19/2002,$2.39,7410400
02/15/2002,$2.49,8389600
02/14/2002,$2.50,11021600
02/13/2002,$2.51,76216000
